Compound_Name,Gene,Accession_number,Antisense_21mer,Sense_19mer,Pct_Inhibition,Source_Accession,Cell
B1,Lamin A,NM_170707,GAGCUCCUGCAGGUCCUCCuu,GGAGGACCUGCAGGAGCUC,83.0,AH001498,HeLa
B2,Lamin A,NM_170707,AUUGAGCUCCUGCAGGUCCuc,GGACCUGCAGGAGCUCAAU,45.0,AH001498,HeLa
B3,Lamin A,NM_170707,CCUCGCGGCUGACCACCUCuu,GAGGUGGUCAGCCGCGAGG,80.0,AH001498,HeLa
B4,Lamin A,NM_170707,CGCUUCUCACUGAGAGCAGug,CUGCUCUCAGUGAGAAGCG,88.0,AH001498,HeLa
B5,Lamin A,NM_170707,UGUUCUUCUGGAAGUCCAGuu,CUGGACUUCCAGAAGAACA,98.0,AH001498,HeLa
B6,Lamin A,NM_170707,AGCUCCUUCUUAUACUGCUcc,AGCAGUAUAAGAAGGAGCU,84.0,AH001498,HeLa
B7,Lamin A,NM_170707,CAGCUCCUUCUUAUACUGCuc,GCAGUAUAAGAAGGAGCUG,82.0,AH001498,HeLa
B8,Lamin A,NM_170707,CCAGCUCCUUCUUAUACUGcu,CAGUAUAAGAAGGAGCUGG,95.0,AH001498,HeLa
B9,Lamin A,NM_170707,UCCAGCUCCUUCUUAUACUgc,AGUAUAAGAAGGAGCUGGA,95.0,AH001498,HeLa
B10,Lamin A,NM_170707,CUCCAGCUCCUUCUUAUACug,GUAUAAGAAGGAGCUGGAG,96.0,AH001498,HeLa
B11,Lamin A,NM_170707,UCUCCAGCUCCUUCUUAUAcu,UAUAAGAAGGAGCUGGAGA,90.0,AH001498,HeLa
B12,Lamin A,NM_170707,UUCUCCAGCUCCUUCUUAUac,AUAAGAAGGAGCUGGAGAA,96.0,AH001498,HeLa
B13,Lamin A,NM_170707,CUUCUCCAGCUCCUUCUUAua,UAAGAAGGAGCUGGAGAAG,67.0,AH001498,HeLa
B14,Lamin A,NM_170707,UCUUCUCCAGCUCCUUCUUau,AAGAAGGAGCUGGAGAAGA,87.0,AH001498,HeLa
B15,Lamin A,NM_170707,GUCUUCUCCAGCUCCUUCUua,AGAAGGAGCUGGAGAAGAC,96.0,AH001498,HeLa
B16,Lamin A,NM_170707,AGUCUUCUCCAGCUCCUUCuu,GAAGGAGCUGGAGAAGACU,93.0,AH001498,HeLa
B17,Lamin A,NM_170707,AAGUCUUCUCCAGCUCCUUcu,AAGGAGCUGGAGAAGACUU,91.0,AH001498,HeLa
B18,Lamin A,NM_170707,UAAGUCUUCUCCAGCUCCUuc,AGGAGCUGGAGAAGACUUA,98.0,AH001498,HeLa
B19,Lamin A,NM_170707,AUAAGUCUUCUCCAGCUCCuu,GGAGCUGGAGAAGACUUAU,95.0,AH001498,HeLa
B20,Lamin A,NM_170707,AAUAAGUCUUCUCCAGCUCcu,GAGCUGGAGAAGACUUAUU,96.0,AH001498,HeLa
B21,Lamin A,NM_170707,GAAUAAGUCUUCUCCAGCUcc,AGCUGGAGAAGACUUAUUC,96.0,AH001498,HeLa
B22,Lamin A,NM_170707,AGAAUAAGUCUUCUCCAGCuc,GCUGGAGAAGACUUAUUCU,96.0,AH001498,HeLa
B23,Lamin A,NM_170707,CAGAAUAAGUCUUCUCCAGcu,CUGGAGAAGACUUAUUCUG,98.0,AH001498,HeLa
B24,Lamin A,NM_170707,GCAGAAUAAGUCUUCUCCAgc,UGGAGAAGACUUAUUCUGC,81.0,AH001498,HeLa
B25,Lamin A,NM_170707,GGCAGAAUAAGUCUUCUCCag,GGAGAAGACUUAUUCUGCC,95.0,AH001498,HeLa
B26,Lamin A,NM_170707,UGGCAGAAUAAGUCUUCUCca,GAGAAGACUUAUUCUGCCA,97.0,AH001498,HeLa
B27,Lamin A,NM_170707,CUGCCUGGCAUUGUCCAGCuu,GCUGGACAAUGCCAGGCAG,84.0,AH001498,HeLa
B28,Lamin A,NM_170707,CUCAGCAGACUGCCUGGCAuu,UGCCAGGCAGUCUGCUGAG,81.0,AH001498,HeLa
B29,Lamin A,NM_170707,GUCCUCCAGGUCUCGAAGCuu,GCUUCGAGACCUGGAGGAC,96.0,AH001498,HeLa
B30,Lamin A,NM_170707,UCGUCCAGCUGCUGCUGCAuc,UGCAGCAGCAGCUGGACGA,92.0,AH001498,HeLa
B31,Lamin A,NM_170707,CUCCAUGUCCAGGGCCAGCuu,GCUGGCCCUGGACAUGGAG,79.0,AH001498,HeLa
B32,Lamin A,NM_170707,GUGGACUCCAGUUUGCGCUuu,AGCGCAAACUGGAGUCCAC,98.0,AH001498,HeLa
B33,Lamin A,NM_170707,CUGGUCCUCAUUGGACUUGuu,CAAGUCCAAUGAGGACCAG,79.0,AH001498,HeLa
B34,Lamin A,NM_170707,AGCCCAGAUCGUCACCACCug,GGUGGUGACGAUCUGGGCU,92.0,AH001498,HeLa
B35,Lamin A,NM_170707,GCCCCAGGUGUUCUGUGCCuu,GGCACAGAACACCUGGGGC,86.0,AH001498,HeLa
B36,Lamin A,NM_170707,AUGAGAGCCGUACGCAGGCug,GCCUGCGUACGGCUCUCAU,97.0,AH001498,HeLa
B37,Lamin A,NM_170707,GCUUGCGCAUGGCCACUUCuu,GAAGUGGCCAUGCGCAAGC,70.0,AH001498,HeLa
B38,Lamin A,NM_170707,CCAGCUUGCGCAUGGCCACuu,GUGGCCAUGCGCAAGCUGG,74.0,AH001498,HeLa
B39,Lamin A,NM_170707,UGAGCCGCUGGCAGAUGCCuu,GGCAUCUGCCAGCGGCUCA,92.0,AH001498,HeLa
B40,Lamin A,NM_170707,GUAGGAGCGGGUGACCAGAuu,UCUGGUCACCCGCUCCUAC,83.0,AH001498,HeLa
B41,Lamin A,NM_170707,CCCAGGAGGUAGGAGCGGGug,CCCGCUCCUACCUCCUGGG,71.0,AH001498,HeLa
B42,Lamin A,NM_170707,AGGGUUAUUUUUCUUUGGCuu,GCCAAAGAAAAAUAACCCU,96.0,AH001498,HeLa
B43,Lamin A,NM_170707,GAAAAAAACCAAAGGGUUAuu,UAACCCUUUGGUUUUUUUC,52.0,AH001498,HeLa
B44,Lamin A,NM_170707,AACCACUGUAGAAAAUAACuu,GUUAUUUUCUACAGUGGUU,98.0,AH001498,HeLa
