Experiment_ID,PMID,Gene,Accession_number,Sequence,Modification_sense,Sequence_antisense,Modification_antisense,PCT
SM0003,19282453,EGFP,U55763,GACGUAAACGGCCACAAGUUC,hexitol nucleic acid,ACUUGUGGCCGUUUACGUCGC,2-o-methyl,54.2
SM0009,19282453,EGFP,U55763,GACGUAAACGGCCACAAGUUC,hexitol nucleic acid,ACUUGUGGCCGUUUACGUCGC,2-o-methyl,57.0
SM0010,19282453,EGFP,U55763,GACGUAAACGGCCACAAGUUU,hexitol nucleic acid* 2-deoxy,ACUUGUGGCCGUUUACGUCGC,2-o-methyl,84.0
SM0011,19282453,EGFP,U55763,GACGUAAACGGCCACAAGUUU,hexitol nucleic acid* 2-deoxy,ACUUGUGGCCGUUUACGUCGC,2-o-methyl,38.0
SM0012,19282453,EGFP,U55763,GACGUAAACGGCCACAAGUUU,hexitol nucleic acid* 2-deoxy,ACUUGUGGCCGUUUACGUCGC,2-o-methyl,44.7
SM0019,19282453,EGFP,U55763,GACGUAAACGGCCACAAGUUC,2-fluoro* 2-o-methyl,ACUUGUGGCCGUUUACGUCGC,2-o-methyl,46.2
SM0044,19282453,EGFP,U55763,GACGUAAACGGCCACAAGUUC,locked nucleic acid,ACUUGUGGCCGUUUACGUCGC,2-o-methyl,81.0
SM0045,19282453,EGFP,U55763,GACGUAAACGGCCACAAGUUC,0,ACUUGUGGCCGUUUACGUCGC,2-o-methyl,76.0
SM0326,19282453,EGFP,U55763,GACGUAAACGGCCACAAGUUU,hexitol nucleic acid* 2-deoxy,ACUUGUGGCCGUUUACGUCGU,hexitol nucleic acid* 2-deoxy,84.6
SM0327,19282453,EGFP,U55763,GACGUAAACGGCCACAAGUUU,hexitol nucleic acid* 2-deoxy,ACUUGUGGCCGUUUACGUCGU,hexitol nucleic acid* 2-deoxy,48.7
SM0328,19282453,EGFP,U55763,GACGUAAACGGCCACAAGUUU,hexitol nucleic acid* 2-deoxy,ACUUGUGGCCGUUUACGUCGU,hexitol nucleic acid* 2-deoxy,74.2
SM0371,19282453,EGFP,U55763,GACGUAAACGGCCACAAGUUU,hexitol nucleic acid* 2-deoxy,ACUUGUGGCCGUUUACGUCGU,hexitol nucleic acid* 2-deoxy,77.4
SM0372,19282453,EGFP,U55763,GACGUAAACGGCCACAAGUUU,hexitol nucleic acid* 2-deoxy,ACUUGUGGCCGUUUACGUCGU,hexitol nucleic acid* 2-deoxy,11.9
SM0373,19282453,EGFP,U55763,GACGUAAACGGCCACAAGUUU,hexitol nucleic acid* 2-deoxy,ACUUGUGGCCGUUUACGUCGU,hexitol nucleic acid* 2-deoxy,23.2
SM0416,19282453,EGFP,U55763,GACGUAAACGGCCACAAGUUU,hexitol nucleic acid* 2-deoxy,ACUUGUGGCCGUUUACGUCGU,hexitol nucleic acid* 2-deoxy,80.6
SM0417,19282453,EGFP,U55763,GACGUAAACGGCCACAAGUUU,hexitol nucleic acid* 2-deoxy,ACUUGUGGCCGUUUACGUCGU,hexitol nucleic acid* 2-deoxy,25.2
SM0418,19282453,EGFP,U55763,GACGUAAACGGCCACAAGUUU,hexitol nucleic acid* 2-deoxy,ACUUGUGGCCGUUUACGUCGU,hexitol nucleic acid* 2-deoxy,51.4
SM0461,19282453,EGFP,U55763,GACGUAAACGGCCACAAGUUU,hexitol nucleic acid* 2-deoxy,ACUUGUGGCCGUUUACGUCGU,hexitol nucleic acid* 2-deoxy,35.8
SM0462,19282453,EGFP,U55763,GACGUAAACGGCCACAAGUUU,hexitol nucleic acid* 2-deoxy,ACUUGUGGCCGUUUACGUCGU,hexitol nucleic acid* 2-deoxy,0.0
SM0463,19282453,EGFP,U55763,GACGUAAACGGCCACAAGUUU,hexitol nucleic acid* 2-deoxy,ACUUGUGGCCGUUUACGUCGU,hexitol nucleic acid* 2-deoxy,0.0
SM0589,19282453,EGFP,U55763,GACGUAAACGGCCACAAGUUC,hexitol nucleic acid,ACUUGUGGCCGUUUACGUCGC,2-fluoro* 2-o-methyl,7.8
SM0595,19282453,EGFP,U55763,GACGUAAACGGCCACAAGUUC,hexitol nucleic acid,ACUUGUGGCCGUUUACGUCGC,2-fluoro* 2-o-methyl,45.8
SM0596,19282453,EGFP,U55763,GACGUAAACGGCCACAAGUUU,hexitol nucleic acid* 2-deoxy,ACUUGUGGCCGUUUACGUCGC,2-fluoro* 2-o-methyl,81.8
SM0597,19282453,EGFP,U55763,GACGUAAACGGCCACAAGUUU,hexitol nucleic acid* 2-deoxy,ACUUGUGGCCGUUUACGUCGC,2-fluoro* 2-o-methyl,13.2
SM0598,19282453,EGFP,U55763,GACGUAAACGGCCACAAGUUU,hexitol nucleic acid* 2-deoxy,ACUUGUGGCCGUUUACGUCGC,2-fluoro* 2-o-methyl,23.3
SM0605,19282453,EGFP,U55763,GACGUAAACGGCCACAAGUUC,2-fluoro* 2-o-methyl,ACUUGUGGCCGUUUACGUCGC,2-fluoro* 2-o-methyl,23.8
SM0630,19282453,EGFP,U55763,GACGUAAACGGCCACAAGUUC,locked nucleic acid,ACUUGUGGCCGUUUACGUCGC,2-fluoro* 2-o-methyl,81.2
SM0631,19282453,EGFP,U55763,GACGUAAACGGCCACAAGUUC,0,ACUUGUGGCCGUUUACGUCGC,2-fluoro* 2-o-methyl,73.8
SM1400,19282453,EGFP,U55763,GACGUAAACGGCCACAAGUUC,hexitol nucleic acid,ACUUGUGGCCGUUUACGUCGC,0,84.9
SM1406,19282453,EGFP,U55763,GACGUAAACGGCCACAAGUUC,hexitol nucleic acid,ACUUGUGGCCGUUUACGUCGC,0,88.7
SM1407,19282453,EGFP,U55763,GACGUAAACGGCCACAAGUUU,hexitol nucleic acid* 2-deoxy,ACUUGUGGCCGUUUACGUCGC,0,89.0
SM1408,19282453,EGFP,U55763,GACGUAAACGGCCACAAGUUU,hexitol nucleic acid* 2-deoxy,ACUUGUGGCCGUUUACGUCGC,0,81.2
SM1409,19282453,EGFP,U55763,GACGUAAACGGCCACAAGUUU,hexitol nucleic acid* 2-deoxy,ACUUGUGGCCGUUUACGUCGC,0,87.4
SM1416,19282453,EGFP,U55763,GACGUAAACGGCCACAAGUUC,2-fluoro* 2-o-methyl,ACUUGUGGCCGUUUACGUCGC,0,87.3
SM1441,19282453,EGFP,U55763,GACGUAAACGGCCACAAGUUC,locked nucleic acid,ACUUGUGGCCGUUUACGUCGC,0,87.4
SM1580,19282453,EGFP,U55763,GACGUAAACGGCCACAAGUUC,hexitol nucleic acid,ACUUGUGGCCGUUUACGUCGC,locked nucleic acid,79.1
SM1586,19282453,EGFP,U55763,GACGUAAACGGCCACAAGUUC,hexitol nucleic acid,ACUUGUGGCCGUUUACGUCGC,locked nucleic acid,83.8
SM1587,19282453,EGFP,U55763,GACGUAAACGGCCACAAGUUU,hexitol nucleic acid* 2-deoxy,ACUUGUGGCCGUUUACGUCGC,locked nucleic acid,84.7
SM1588,19282453,EGFP,U55763,GACGUAAACGGCCACAAGUUU,hexitol nucleic acid* 2-deoxy,ACUUGUGGCCGUUUACGUCGC,locked nucleic acid,77.3
SM1589,19282453,EGFP,U55763,GACGUAAACGGCCACAAGUUU,hexitol nucleic acid* 2-deoxy,ACUUGUGGCCGUUUACGUCGC,locked nucleic acid,83.9
SM1596,19282453,EGFP,U55763,GACGUAAACGGCCACAAGUUC,2-fluoro* 2-o-methyl,ACUUGUGGCCGUUUACGUCGC,locked nucleic acid,84.4
SM1621,19282453,EGFP,U55763,GACGUAAACGGCCACAAGUUC,locked nucleic acid,ACUUGUGGCCGUUUACGUCGC,locked nucleic acid,86.7
SM1622,19282453,EGFP,U55763,GACGUAAACGGCCACAAGUUC,0,ACUUGUGGCCGUUUACGUCGC,locked nucleic acid,86.3
SM2120,19282453,EGFP,U55763,GACGUAAACGGCCACAAGUUC,hexitol nucleic acid,ACUUGUGGCCGUUUACGUCGC,locked nucleic acid,3.6
SM2126,19282453,EGFP,U55763,GACGUAAACGGCCACAAGUUC,hexitol nucleic acid,ACUUGUGGCCGUUUACGUCGC,locked nucleic acid,13.3
SM2127,19282453,EGFP,U55763,GACGUAAACGGCCACAAGUUU,hexitol nucleic acid* 2-deoxy,ACUUGUGGCCGUUUACGUCGC,locked nucleic acid,5.4
SM2128,19282453,EGFP,U55763,GACGUAAACGGCCACAAGUUU,hexitol nucleic acid* 2-deoxy,ACUUGUGGCCGUUUACGUCGC,locked nucleic acid,8.9
SM2129,19282453,EGFP,U55763,GACGUAAACGGCCACAAGUUU,hexitol nucleic acid* 2-deoxy,ACUUGUGGCCGUUUACGUCGC,locked nucleic acid,7.9
SM2136,19282453,EGFP,U55763,GACGUAAACGGCCACAAGUUC,2-fluoro* 2-o-methyl,ACUUGUGGCCGUUUACGUCGC,locked nucleic acid,1.5
SM2161,19282453,EGFP,U55763,GACGUAAACGGCCACAAGUUC,locked nucleic acid,ACUUGUGGCCGUUUACGUCGC,locked nucleic acid,3.0
SM2162,19282453,EGFP,U55763,GACGUAAACGGCCACAAGUUC,0,ACUUGUGGCCGUUUACGUCGC,locked nucleic acid,0.0
SM2163,22411910,Luciferase_firefly,U47296,GCGCUGCUGGUGCCAACCCUU,2-deoxy,GGGUUGGCACCAGCAGCGCUU,2-deoxy,74.0
SM2192,18575806,EGFP,U55763,GCAGCACGACUUCUUCAAGUU,0,CUUGAAGAAGUCGUGCUGCUU,2-o-methyl,71.74
SM2193,18575806,EGFP,U55763,GCAGCACGACUUCUUCAAGUU,0,CUUGAAGAAGUCGUGCUGCUU,2-fluoro,73.84
SM2194,18575806,EGFP,U55763,GCAGCACGACUUCUUCAAGUU,locked nucleic acid,CUUGAAGAAGUCGUGCUGCUU,0,73.23
SM2195,18575806,EGFP,U55763,GCAGCACGACUUCUUCAAGUU,locked nucleic acid,CUUGAAGAAGUCGUGCUGCUU,2-o-methyl,68.59
SM2196,18575806,EGFP,U55763,GCAGCACGACUUCUUCAAGUU,locked nucleic acid,CUUGAAGAAGUCGUGCUGCUU,2-fluoro,69.33
SM2197,18575806,EGFP,U55763,GCAGCACGACUUCUUCAAGUU,2-o-methyl,CUUGAAGAAGUCGUGCUGCUU,0,71.74
SM2198,18575806,EGFP,U55763,GCAGCACGACUUCUUCAAGUU,2-o-methyl,CUUGAAGAAGUCGUGCUGCUU,2-o-methyl,62.72
SM2199,18575806,EGFP,U55763,GCAGCACGACUUCUUCAAGUU,2-o-methyl,UUCGUCGUGCUGAAGAAGUUC,2-fluoro,77.23
SM2545,17511001,ACP5,NM_001111035,UGGCCAAUGCCAAGGAGAUUU,2-fluoro,AUCUCCUUGGCAUUGGCCAUU,0,10.0
SM2546,17511001,ACP5,NM_001111035,UGGCCAAUGCCAAGGAGAUUU,2-fluoro,AUCUCCUUGGCAUUGGCCAUU,0,45.0
SM2547,17511001,ACP5,NM_001111035,UGGCCAAUGCCAAGGAGAUUU,0,AUCUCCUUGGCAUUGGCCAUU,2-fluoro,22.0
SM2548,17511001,ACP5,NM_001111035,UGGCCAAUGCCAAGGAGAUUU,0,AUCUCCUUGGCAUUGGCCAUU,2-fluoro,55.0
SM2549,17511001,ACP5,NM_001111035,UGGCCAAUGCCAAGGAGAUUU,2-fluoro,AUCUCCUUGGCAUUGGCCAUU,2-fluoro,28.0
SM2550,17511001,ACP5,NM_001111035,UGGCCAAUGCCAAGGAGAUUU,2-fluoro,AUCUCCUUGGCAUUGGCCAUU,2-fluoro,40.0
SM2551,17511001,ACP5,NM_001111035,UGGCCAAUGCCAAGGAGAUUU,2-fluoro,AUCUCCUUGGCAUUGGCCAUU,2-fluoro,39.0
SM2552,17511001,ACP5,NM_001111035,UGGCCAAUGCCAAGGAGAUUU,2-fluoro,AUCUCCUUGGCAUUGGCCAUU,2-fluoro,18.0
SM2554,17511001,ACP5,NM_001111035,UGGCCAAUGCCAAGGAGAUUU,2-fluoro,AUCUCCUUGGCAUUGGCCAUU,0,51.0
SM2555,17511001,ACP5,NM_001111035,UGGCCAAUGCCAAGGAGAUUU,2-fluoro,AUCUCCUUGGCAUUGGCCAUU,0,68.0
SM2556,17511001,ACP5,NM_001111035,UGGCCAAUGCCAAGGAGAUUU,0,AUCUCCUUGGCAUUGGCCAUU,2-fluoro,60.0
SM2557,17511001,ACP5,NM_001111035,UGGCCAAUGCCAAGGAGAUUU,0,AUCUCCUUGGCAUUGGCCAUU,2-fluoro,55.0
SM2558,17511001,ACP5,NM_001111035,UGGCCAAUGCCAAGGAGAUUU,2-fluoro,AUCUCCUUGGCAUUGGCCAUU,2-fluoro,60.0
SM2559,17511001,ACP5,NM_001111035,UGGCCAAUGCCAAGGAGAUUU,2-fluoro,AUCUCCUUGGCAUUGGCCAUU,2-fluoro,70.0
SM2560,17511001,ACP5,NM_001111035,UGGCCAAUGCCAAGGAGAUUU,2-fluoro,AUCUCCUUGGCAUUGGCCAUU,2-fluoro,66.0
SM2561,17511001,ACP5,NM_001111035,UGGCCAAUGCCAAGGAGAUUU,2-fluoro,AUCUCCUUGGCAUUGGCCAUU,2-fluoro,38.0
SM2563,17511001,ACP5,NM_001111035,UGGCCAAUGCCAAGGAGAUUU,2-fluoro,AUCUCCUUGGCAUUGGCCAUU,0,64.0
SM2564,17511001,ACP5,NM_001111035,UGGCCAAUGCCAAGGAGAUUU,2-fluoro,AUCUCCUUGGCAUUGGCCAUU,0,82.0
SM2565,17511001,ACP5,NM_001111035,UGGCCAAUGCCAAGGAGAUUU,0,AUCUCCUUGGCAUUGGCCAUU,2-fluoro,78.0
SM2566,17511001,ACP5,NM_001111035,UGGCCAAUGCCAAGGAGAUUU,0,AUCUCCUUGGCAUUGGCCAUU,2-fluoro,76.0
SM2567,17511001,ACP5,NM_001111035,UGGCCAAUGCCAAGGAGAUUU,2-fluoro,AUCUCCUUGGCAUUGGCCAUU,2-fluoro,77.0
SM2568,17511001,ACP5,NM_001111035,UGGCCAAUGCCAAGGAGAUUU,2-fluoro,AUCUCCUUGGCAUUGGCCAUU,2-fluoro,81.0
SM2569,17511001,ACP5,NM_001111035,UGGCCAAUGCCAAGGAGAUUU,2-fluoro,AUCUCCUUGGCAUUGGCCAUU,2-fluoro,80.0
SM2570,17511001,ACP5,NM_001111035,UGGCCAAUGCCAAGGAGAUUU,2-fluoro,AUCUCCUUGGCAUUGGCCAUU,2-fluoro,68.0
SM2572,17511001,ACP5,NM_001111035,UGGCCAAUGCCAAGGAGAUUU,2-fluoro,AUCUCCUUGGCAUUGGCCAUU,0,83.0
SM2573,17511001,ACP5,NM_001111035,UGGCCAAUGCCAAGGAGAUUU,2-fluoro,AUCUCCUUGGCAUUGGCCAUU,0,87.0
SM2574,17511001,ACP5,NM_001111035,UGGCCAAUGCCAAGGAGAUUU,0,AUCUCCUUGGCAUUGGCCAUU,2-fluoro,81.0
SM2575,17511001,ACP5,NM_001111035,UGGCCAAUGCCAAGGAGAUUU,0,AUCUCCUUGGCAUUGGCCAUU,2-fluoro,87.0
SM2576,17511001,ACP5,NM_001111035,UGGCCAAUGCCAAGGAGAUUU,2-fluoro,AUCUCCUUGGCAUUGGCCAUU,2-fluoro,62.0
SM2577,17511001,ACP5,NM_001111035,UGGCCAAUGCCAAGGAGAUUU,2-fluoro,AUCUCCUUGGCAUUGGCCAUU,2-fluoro,71.0
SM2578,17511001,ACP5,NM_001111035,UGGCCAAUGCCAAGGAGAUUU,2-fluoro,AUCUCCUUGGCAUUGGCCAUU,2-fluoro,83.0
SM2579,17511001,ACP5,NM_001111035,UGGCCAAUGCCAAGGAGAUUU,2-fluoro,AUCUCCUUGGCAUUGGCCAUU,2-fluoro,69.0
SM2583,17363479,EGFP,U55763,GCUGACCCUGAAGUUCAUCUU,locked nucleic acid,GAUGAACUUCAGGGUCAGCUU,locked nucleic acid,61.0
SM2584,17363479,EGFP,U55763,GCUGACCCUGAAGUUCAUCUU,locked nucleic acid,GAUGAACUUCAGGGUCAGCUU,locked nucleic acid,0.0
SM2953,19917641,APOB,NM_000384,CAAGUGUCAUCACACUGAA,0,UUCAGUGUGAUGACACUUGUU,unlocked nucleic acid,0.0
SM2954,19917641,APOB,NM_000384,CAAGUGUCAUCACACUGAA,0,UUCAGUGUGAUGACACUUGUU,unlocked nucleic acid,0.0
SM2955,19917641,APOB,NM_000384,CAAGUGUCAUCACACUGAA,0,UUCAGUGUGAUGACACUUGUU,unlocked nucleic acid,45.0
SM2956,19917641,APOB,NM_000384,CAAGUGUCAUCACACUGAA,0,UUCAGUGUGAUGACACUUGUU,unlocked nucleic acid,94.0
SM2957,19917641,APOB,NM_000384,CAAGUGUCAUCACACUGAA,0,UUCAGUGUGAUGACACUUGUU,unlocked nucleic acid,92.0
SM2958,19917641,APOB,NM_000384,CAAGUGUCAUCACACUGAA,0,UUCAGUGUGAUGACACUUGUU,unlocked nucleic acid,78.0
SM2959,19917641,APOB,NM_000384,CAAGUGUCAUCACACUGAA,0,UUCAGUGUGAUGACACUUGUU,unlocked nucleic acid,86.0
SM2960,19917641,APOB,NM_000384,CAAGUGUCAUCACACUGAA,0,UUCAGUGUGAUGACACUUGUU,unlocked nucleic acid,90.0
SM2961,19917641,APOB,NM_000384,CAAGUGUCAUCACACUGAA,0,UUCAGUGUGAUGACACUUGUU,unlocked nucleic acid,89.0
SM2962,19917641,APOB,NM_000384,CAAGUGUCAUCACACUGAA,0,UUCAGUGUGAUGACACUUGUU,unlocked nucleic acid,23.0
SM2963,19917641,APOB,NM_000384,CAAGUGUCAUCACACUGAA,0,UUCAGUGUGAUGACACUUGUU,unlocked nucleic acid,0.0
SM2964,19917641,APOB,NM_000384,CAAGUGUCAUCACACUGAA,0,UUCAGUGUGAUGACACUUGUU,unlocked nucleic acid,59.0
SM2965,19917641,APOB,NM_000384,CAAGUGUCAUCACACUGAA,0,UUCAGUGUGAUGACACUUGUU,unlocked nucleic acid,74.0
SM2966,19917641,APOB,NM_000384,CAAGUGUCAUCACACUGAA,0,UUCAGUGUGAUGACACUUGUU,unlocked nucleic acid,64.0
SM2967,19917641,APOB,NM_000384,CAAGUGUCAUCACACUGAA,0,UUCAGUGUGAUGACACUUGUU,unlocked nucleic acid,86.0
SM2968,19917641,APOB,NM_000384,CAAGUGUCAUCACACUGAA,0,UUCAGUGUGAUGACACUUGUU,unlocked nucleic acid,29.0
SM2969,19917641,APOB,NM_000384,CAAGUGUCAUCACACUGAA,0,UUCAGUGUGAUGACACUUGUU,unlocked nucleic acid,87.0
SM2970,19917641,APOB,NM_000384,CAAGUGUCAUCACACUGAA,0,UUCAGUGUGAUGACACUUGUU,unlocked nucleic acid,91.0
SM2971,19917641,APOB,NM_000384,CAAGUGUCAUCACACUGAA,0,UUCAGUGUGAUGACACUUGUU,unlocked nucleic acid,82.0
SM2972,19917641,APOB,NM_000384,CAAGUGUCAUCACACUGAA,0,UUCAGUGUGAUGACACUUGUU,unlocked nucleic acid,81.0
SM2973,19917641,APOB,NM_000384,CAAGUGUCAUCACACUGAA,0,UUCAGUGUGAUGACACUUGUU,unlocked nucleic acid,87.0
SM2974,19917641,APOB,NM_000384,CAAGUGUCAUCACACUGAA,0,UUCAGUGUGAUGACACUUGUU,unlocked nucleic acid,2.0
SM2975,19917641,APOB,NM_000384,CAAGUGUCAUCACACUGAA,0,UUCAGUGUGAUGACACUUGUU,unlocked nucleic acid,50.0
SM2977,12923253,EGFP,U55763,GCAGCACGACUUCUUCAAGUU,0,CUUGAAGAAGUCGUGCUGCUU,2-fluoro,83.0
SM2978,12923253,EGFP,U55763,GCAGCACGACUUCUUCAAGUU,2-fluoro,CUUGAAGAAGUCGUGCUGCUU,0,92.0
SM2979,12923253,EGFP,U55763,GCAGCACGACUUCUUCAAGUU,2-fluoro,CUUGAAGAAGUCGUGCUGCUU,2-fluoro,83.0
SM2984,12923253,EGFP,U55763,GCAGCACGACUUCUUCAAGUU,0,CUUGAAGAAGUCGUGCUGCUU,2-deoxy,0.0
SM2985,12923253,EGFP,U55763,GCAGCACGACUUCUUCAAGUU,2-deoxy,CUUGAAGAAGUCGUGCUGCUU,0,38.0
SM2986,12923253,EGFP,U55763,GCAGCACGACUUCUUCAAGUU,2-deoxy,CUUGAAGAAGUCGUGCUGCUU,2-deoxy,0.0
SM2987,12923253,EGFP,U55763,GCAGCACGACUUCUUCAAGUU,0,CUUGAAGAAGUCGUGCUGCUU,2-o-methyl,16.0
SM2988,12923253,EGFP,U55763,GCAGCACGACUUCUUCAAGUU,2-o-methyl,CUUGAAGAAGUCGUGCUGCUU,0,25.0
SM2989,12923253,EGFP,U55763,GCAGCACGACUUCUUCAAGUU,2-o-methyl,CUUGAAGAAGUCGUGCUGCUU,2-o-methyl,0.0
SM3010,22287630,EGFP,U55763,GACGUAAACGGCCACAAGUUU,0,ACUUGUGGCCGUUUACGUCGU,hexitol nucleic acid,87.0
SM3045,15653644,Luciferase_firefly,U47296,CUUACGCUGAGUACUUCGAUU,0,UCGAAGUACUCAGCGUAAGUU,locked nucleic acid,93.0
SM3046,15653644,Luciferase_firefly,U47296,CUUACGCUGAGUACUUCGAUU,locked nucleic acid,UCGAAGUACUCAGCGUAAGUU,0,97.0
SM3047,15653644,Luciferase_firefly,U47296,CUUACGCUGAGUACUUCGAUU,locked nucleic acid,UCGAAGUACUCAGCGUAAGUU,locked nucleic acid,93.0
SM3052,15653644,Luciferase_firefly,U47296,CUUACGCUGAGUACUUCGAUU,0,UCGAAGUACUCAGCGUAAGUU,locked nucleic acid,57.0
SM3053,15653644,Luciferase_firefly,U47296,CUUACGCUGAGUACUUCGAUU,locked nucleic acid,UCGAAGUACUCAGCGUAAGUU,locked nucleic acid,27.0
SM3055,15653644,Luciferase_firefly,U47296,CUUACGCUGAGUACUUCGAUU,0,UCGAAGUACUCAGCGUAAGUU,locked nucleic acid,19.0
SM3056,15653644,Luciferase_renilla,AF025846,AUCUGAAGAAGGAGAAAAAUU,0,UUUUUCUCCUUCUUCAGAUUU,locked nucleic acid,90.0
SM3057,15653644,Luciferase_renilla,AF025846,AUCUGAAGAAGGAGAAAAAUU,locked nucleic acid,UUUUUCUCCUUCUUCAGAUUU,locked nucleic acid,93.0
SM3058,15653644,Luciferase_renilla,AF025846,AUCUGAAGAAGGAGAAAAAUU,locked nucleic acid,UUUUUCUCCUUCUUCAGAUUU,locked nucleic acid,93.0
SM3059,15653644,Luciferase_renilla,AF025846,AUCUGAAGAAGGAGAAAAAUU,0,UUUUUCUCCUUCUUCAGAUUU,locked nucleic acid,22.0
SM3060,15653644,Luciferase_renilla,AF025846,AUCUGAAGAAGGAGAAAAAUU,locked nucleic acid,UUUUUCUCCUUCUUCAGAUUU,locked nucleic acid,52.0
SM3061,15653644,Luciferase_renilla,AF025846,AUCUGAAGAAGGAGAAAAAUU,locked nucleic acid,UUUUUCUCCUUCUUCAGAUUU,locked nucleic acid,65.0
SM3062,15653644,NPY,NM_012614,UGAGAGAAAGCACAGAAAAUU,locked nucleic acid,UUUUCUGUGCUUUCUCUCAUU,0,74.0
SM3063,15653644,NPY,NM_012614,UGAGAGAAAGCACAGAAAAUU,locked nucleic acid,UUUUCUGUGCUUUCUCUCAUU,0,68.0
SM3064,15653644,NPY,NM_012614,UGAGAGAAAGCACAGAAAAUU,0,UUUUCUGUGCUUUCUCUCAUU,locked nucleic acid,45.0
SM3065,15653644,NPY,NM_012614,UGAGAGAAAGCACAGAAAAUU,locked nucleic acid,UUUUCUGUGCUUUCUCUCAUU,locked nucleic acid,67.0
SM3066,15653644,Luciferase_renilla,AF025846,AAACAUGCAGAAAAUGCUGUU,locked nucleic acid,CAGCAUUUUCUGCAUGUUUUU,0,82.0
SM3067,15653644,Luciferase_renilla,AF025846,UCCAGAACAAAGGAAACGGUU,locked nucleic acid,CCGUUUCCUUUGUUCUGGAUU,0,50.0
SM3072,15653644,Luciferase_firefly,U47296,CUUACGCUGAGUACUUCGAUU,0,UCGAAGUACUCAGCGUAAGUU,locked nucleic acid,90.0
SM3073,15653644,Luciferase_firefly,U47296,CUUACGCUGAGUACUUCGAUU,0,UCGAAGUACUCAGCGUAAGUU,locked nucleic acid,91.0
SM3074,15653644,Luciferase_firefly,U47296,CUUACGCUGAGUACUUCGAUU,0,UCGAAGUACUCAGCGUAAGUU,locked nucleic acid,88.0
SM3075,15653644,Luciferase_firefly,U47296,CUUACGCUGAGUACUUCGAUU,0,UCGAAGUACUCAGCGUAAGUU,locked nucleic acid,85.0
SM3076,15653644,Luciferase_firefly,U47296,CUUACGCUGAGUACUUCGAUU,0,UCGAAGUACUCAGCGUAAGUU,locked nucleic acid,93.0
SM3077,15653644,Luciferase_firefly,U47296,CUUACGCUGAGUACUUCGAUU,0,UCGAAGUACUCAGCGUAAGUU,locked nucleic acid,90.0
SM3079,15653644,Luciferase_firefly,U47296,CUUACGCUGAGUACUUCGAUU,0,UCGAAGUACUCAGCGUAAGUU,locked nucleic acid,60.0
SM3081,15653644,Luciferase_firefly,U47296,CUUACGCUGAGUACUUCGAUU,0,UCGAAGUACUCAGCGUAAGUU,locked nucleic acid,70.0
SM3082,15653644,Luciferase_firefly,U47296,CUUACGCUGAGUACUUCGAUU,0,UCGAAGUACUCAGCGUAAGUU,locked nucleic acid,94.0
SM3084,15653644,Luciferase_firefly,U47296,CUUACGCUGAGUACUUCGAUU,0,UCGAAGUACUCAGCGUAAGUU,locked nucleic acid,87.0
SM3085,15653644,Luciferase_firefly,U47296,CUUACGCUGAGUACUUCGAUU,0,UCGAAGUACUCAGCGUAAGUU,locked nucleic acid,83.0
SM3086,15653644,Luciferase_firefly,U47296,CUUACGCUGAGUACUUCGAUU,0,UCGAAGUACUCAGCGUAAGUU,locked nucleic acid,96.0
SM3087,15653644,Luciferase_firefly,U47296,CUUACGCUGAGUACUUCGAUU,0,UCGAAGUACUCAGCGUAAGUU,locked nucleic acid,95.0
SM3088,15653644,Luciferase_firefly,U47296,CUUACGCUGAGUACUUCGAUU,0,UCGAAGUACUCAGCGUAAGUU,locked nucleic acid,92.0
SM3504,"US20120088815A1, EP2415869A1",MIR155HG,NR_001458,AGAAGGACUACUAACCUCCUU,2-o-methyl,GGAGGUUAGUAGUCCUUCUUU,2-o-methyl,49.0
SM3505,"US20120088815A1, EP2415869A1",MIR155HG,NR_001458,AGAAGGACUACUAACCUCCUU,2-o-methyl,GGAGGUUAGUAGUCCUUCUUU,0,80.0
SM3506,"US20120088815A1, EP2415869A1",MIR155HG,NR_001458,AGAAGGACUACUAACCUCCUU,2-o-methyl,GGAGGUUAGUAGUCCUUCUUU,2-o-methyl,81.0
SM3508,"US20120088815A1, EP2415869A1",MIR155HG,NR_001458,GGACUACUAACCUCCAGUUUU,2-o-methyl,AACUGGAGGUUAGUAGUCCUU,2-o-methyl,7.0
SM3509,"US20120088815A1, EP2415869A1",MIR155HG,NR_001458,GGACUACUAACCUCCAGUUUU,2-o-methyl,AACUGGAGGUUAGUAGUCCUU,0,65.0
SM3510,"US20120088815A1, EP2415869A1",MIR155HG,NR_001458,GGACUACUAACCUCCAGUUUU,2-o-methyl,AACUGGAGGUUAGUAGUCCUU,2-o-methyl,69.0
SM3512,"US20120088815A1, EP2415869A1",MIR155HG,NR_001458,GAAACUGGUACUUUCCCCCUU,2-fluoro,GGGGGAAAGUACCAGUUUCUU,0,60.0
SM3513,"US20120088815A1, EP2415869A1",MIR155HG,NR_001458,GAAACUGGUACUUUCCCCCUU,0,GGGGGAAAGUACCAGUUUCUU,2-fluoro,26.0
SM3514,"US20120088815A1, EP2415869A1",MIR155HG,NR_001458,GAAACUGGUACUUUCCCCCUU,2-fluoro,GGGGGAAAGUACCAGUUUCUU,2-fluoro,58.0
SM3516,"US20120088815A1, EP2415869A1",MIR155HG,NR_001458,UUUCCCCCAGGUAACGAUUUU,2-fluoro,AAUCGUUACCUGGGGGAAAUU,2-fluoro,68.0
SM3517,"US20120088815A1, EP2415869A1",MIR155HG,NR_001458,UUUCCCCCAGGUAACGAUUUU,2-fluoro,AAUCGUUACCUGGGGGAAAUU,0,78.0
SM3518,"US20120088815A1, EP2415869A1",MIR155HG,NR_001458,UUUCCCCCAGGUAACGAUUUU,2-fluoro,AAUCGUUACCUGGGGGAAAUU,2-fluoro,75.0
SM3520,"US20120088815A1, EP2415869A1",MIR155HG,NR_001458,CCCCAGGUAACGAUUUUCUUU,2-o-methyl,AGAAAAUCGUUACCUGGGGUU,2-o-methyl,69.0
SM3521,"US20120088815A1, EP2415869A1",MIR155HG,NR_001458,CCCCAGGUAACGAUUUUCUUU,2-o-methyl,AGAAAAUCGUUACCUGGGGUU,0,79.0
SM3522,"US20120088815A1, EP2415869A1",MIR155HG,NR_001458,CCCCAGGUAACGAUUUUCUUU,2-o-methyl,AGAAAAUCGUUACCUGGGGUU,2-o-methyl,70.0
SM3524,"US20120088815A1, EP2415869A1",MIR155HG,NR_001458,GGGAAACUGAAAGGCUAUGUU,0,CAUAGCCUUUCAGUUUCCCUU,2-fluoro,6.0
SM3525,"US20120088815A1, EP2415869A1",MIR155HG,NR_001458,GGGAAACUGAAAGGCUAUGUU,2-fluoro,CAUAGCCUUUCAGUUUCCCUU,0,51.0
SM3526,"US20120088815A1, EP2415869A1",MIR155HG,NR_001458,GGGAAACUGAAAGGCUAUGUU,2-fluoro,CAUAGCCUUUCAGUUUCCCUU,0,50.0
SM3528,"US20120088815A1, EP2415869A1",MIR155HG,NR_001458,GCGAGCAGAGAAUCUACCUUU,2-o-methyl,AGGUAGAUUCUCUGCUCGCUU,0,65.0
SM3529,"US20120088815A1, EP2415869A1",MIR155HG,NR_001458,GCGAGCAGAGAAUCUACCUUU,2-o-methyl,AGGUAGAUUCUCUGCUCGCUU,2-o-methyl,90.0
SM3530,"US20120088815A1, EP2415869A1",MIR155HG,NR_001458,GCGAGCAGAGAAUCUACCUUU,2-o-methyl,AGGUAGAUUCUCUGCUCGCUU,2-o-methyl,90.0
SM3532,"US20120088815A1, EP2415869A1",MIR155HG,NR_001458,GCAGAGAAUCUACCUUUCCUU,2-o-methyl,GGAAAGGUAGAUUCUCUGCUU,2-o-methyl,13.0
SM3533,"US20120088815A1, EP2415869A1",MIR155HG,NR_001458,GCAGAGAAUCUACCUUUCCUU,2-o-methyl,GGAAAGGUAGAUUCUCUGCUU,0,65.0
SM3534,"US20120088815A1, EP2415869A1",MIR155HG,NR_001458,GCAGAGAAUCUACCUUUCCUU,2-o-methyl,GGAAAGGUAGAUUCUCUGCUU,2-o-methyl,75.0
SM3536,"US20120088815A1, EP2415869A1",MIR155HG,NR_001458,ACCUUUCCACUUCUAAGCCUU,2-o-methyl,GGCUUAGAAGUGGAAAGGUUU,0,75.0
SM3537,"US20120088815A1, EP2415869A1",MIR155HG,NR_001458,ACCUUUCCACUUCUAAGCCUU,0,GGCUUAGAAGUGGAAAGGUUU,2-o-methyl,80.0
SM3538,"US20120088815A1, EP2415869A1",MIR155HG,NR_001458,ACCUUUCCACUUCUAAGCCUU,2-o-methyl,GGCUUAGAAGUGGAAAGGUUU,2-o-methyl,75.0
SM3540,"US20120088815A1, EP2415869A1",MIR155HG,NR_001458,CUAAGCCUGUUUCUUCCUCUU,2-fluoro,GAGGAAGAAACAGGCUUAGUU,2-fluoro,75.0
SM3541,"US20120088815A1, EP2415869A1",MIR155HG,NR_001458,CUAAGCCUGUUUCUUCCUCUU,2-fluoro,GAGGAAGAAACAGGCUUAGUU,2-fluoro,85.0
SM3542,"US20120088815A1, EP2415869A1",MIR155HG,NR_001458,CUAAGCCUGUUUCUUCCUCUU,2-fluoro,GAGGAAGAAACAGGCUUAGUU,0,82.0
SM3544,"US20120088815A1, EP2415869A1",KAZRIN,NM_201628,GAAGAUAGGAAGGGGCUUCUU,0,GAAGCCCCUUCCUAUCUUCUU,2-fluoro,5.0
SM3545,"US20120088815A1, EP2415869A1",KAZRIN,NM_201628,GAAGAUAGGAAGGGGCUUCUU,2-fluoro,GAAGCCCCUUCCUAUCUUCUU,0,45.0
SM3546,"US20120088815A1, EP2415869A1",KAZRIN,NM_201628,GAAGAUAGGAAGGGGCUUCUU,2-fluoro,GAAGCCCCUUCCUAUCUUCUU,2-fluoro,56.0
SM3548,"US20120088815A1, EP2415869A1",KAZRIN,NM_201628,AAUAAGCAGCUCGCGCUCCUU,2-o-methyl,GGAGCGCGAGCUGCUUAUUUU,0,64.0
SM3549,"US20120088815A1, EP2415869A1",KAZRIN,NM_201628,AAUAAGCAGCUCGCGCUCCUU,2-o-methyl,GGAGCGCGAGCUGCUUAUUUU,2-o-methyl,68.0
SM3550,"US20120088815A1, EP2415869A1",KAZRIN,NM_201628,AAUAAGCAGCUCGCGCUCCUU,2-o-methyl,GGAGCGCGAGCUGCUUAUUUU,2-o-methyl,69.0
SM3552,"US20120088815A1, EP2415869A1",KAZRIN,NM_201628,UAGCCAGAGCCAAAGAAGCUU,2-o-methyl,GCUUCUUUGGCUCUGGCUAUU,2-o-methyl,75.0
SM3553,"US20120088815A1, EP2415869A1",KAZRIN,NM_201628,UAGCCAGAGCCAAAGAAGCUU,2-o-methyl,GCUUCUUUGGCUCUGGCUAUU,2-o-methyl,85.0
SM3554,"US20120088815A1, EP2415869A1",KAZRIN,NM_201628,UAGCCAGAGCCAAAGAAGCUU,2-o-methyl,GCUUCUUUGGCUCUGGCUAUU,2-o-methyl,82.0
SM3556,"US20120088815A1, EP2415869A1",KAZRIN,NM_201628,AACAGUCCUUAGCUACGCUUU,2-o-methyl,AGCGUAGCUAAGGACUGUUUU,0,35.0
SM3557,"US20120088815A1, EP2415869A1",KAZRIN,NM_201628,AACAGUCCUUAGCUACGCUUU,2-o-methyl,AGCGUAGCUAAGGACUGUUUU,2-o-methyl,85.0
SM3558,"US20120088815A1, EP2415869A1",KAZRIN,NM_201628,AACAGUCCUUAGCUACGCUUU,2-o-methyl,AGCGUAGCUAAGGACUGUUUU,2-o-methyl,82.0
SM3560,"US20120088815A1, EP2415869A1",KAZRIN,NM_201628,CUAGAGGAUCUUGAAGACCUU,2-fluoro,GGUCUUCAAGAUCCUCUAGUU,2-fluoro,12.0
SM3561,"US20120088815A1, EP2415869A1",KAZRIN,NM_201628,CUAGAGGAUCUUGAAGACCUU,2-fluoro,GGUCUUCAAGAUCCUCUAGUU,2-fluoro,67.0
SM3562,"US20120088815A1, EP2415869A1",KAZRIN,NM_201628,CUAGAGGAUCUUGAAGACCUU,2-fluoro,GGUCUUCAAGAUCCUCUAGUU,2-fluoro,82.0
SM3564,"US20120088815A1, EP2415869A1",KAZRIN,NM_201628,AUCGACCUGAAGGAGUACGUU,2-fluoro,CGUACUCCUUCAGGUCGAUUU,2-fluoro,21.0
SM3565,"US20120088815A1, EP2415869A1",KAZRIN,NM_201628,AUCGACCUGAAGGAGUACGUU,2-fluoro,CGUACUCCUUCAGGUCGAUUU,2-fluoro,46.0
SM3566,"US20120088815A1, EP2415869A1",KAZRIN,NM_201628,AUCGACCUGAAGGAGUACGUU,2-fluoro,CGUACUCCUUCAGGUCGAUUU,2-fluoro,82.0
SM3568,"US20120088815A1, EP2415869A1",KAZRIN,NM_201628,GAUAGGAAGGGGCUUCAGCUU,0,GCUGAAGCCCCUUCCUAUCUU,2-o-methyl,12.0
SM3569,"US20120088815A1, EP2415869A1",KAZRIN,NM_201628,GAUAGGAAGGGGCUUCAGCUU,2-o-methyl,GCUGAAGCCCCUUCCUAUCUU,2-o-methyl,42.0
SM3570,"US20120088815A1, EP2415869A1",KAZRIN,NM_201628,GAUAGGAAGGGGCUUCAGCUU,2-o-methyl,GCUGAAGCCCCUUCCUAUCUU,2-o-methyl,41.0
SM3596,"US20120088815A1, EP2415869A1",CDKN1B,NM_004064,GAAGAGUUAACCCGGGACUUU,2-o-methyl,AGUCCCGGGUUAACUCUUCUU,0,17.0
SM3597,"US20120088815A1, EP2415869A1",CDKN1B,NM_004064,GAAGAGUUAACCCGGGACUUU,2-o-methyl,AGUCCCGGGUUAACUCUUCUU,2-o-methyl,47.0
SM3598,"US20120088815A1, EP2415869A1",CDKN1B,NM_004064,GAAGAGUUAACCCGGGACUUU,2-o-methyl,AGUCCCGGGUUAACUCUUCUU,2-o-methyl,51.0
SM3600,"US20120088815A1, EP2415869A1",CDKN1B,NM_004064,CCGCCCGGCGGCGCCUUUAUU,2-o-methyl,UAAAGGCGCCGCCGGGCGGUU,0,49.0
SM3601,"US20120088815A1, EP2415869A1",CDKN1B,NM_004064,CCGCCCGGCGGCGCCUUUAUU,2-o-methyl,UAAAGGCGCCGCCGGGCGGUU,2-o-methyl,85.0
SM3602,"US20120088815A1, EP2415869A1",CDKN1B,NM_004064,CCGCCCGGCGGCGCCUUUAUU,2-o-methyl,UAAAGGCGCCGCCGGGCGGUU,2-o-methyl,82.0
SM3604,"US20120088815A1, EP2415869A1",CDKN1B,NM_004064,ACCGACGAUUCUUCUACUCUU,2-o-methyl,GAGUAGAAGAAUCGUCGGUUU,0,42.0
SM3605,"US20120088815A1, EP2415869A1",CDKN1B,NM_004064,ACCGACGAUUCUUCUACUCUU,2-o-methyl,GAGUAGAAGAAUCGUCGGUUU,2-o-methyl,67.0
SM3606,"US20120088815A1, EP2415869A1",CDKN1B,NM_004064,ACCGACGAUUCUUCUACUCUU,0,GAGUAGAAGAAUCGUCGGUUU,2-o-methyl,68.0
SM3608,"US20120088815A1, EP2415869A1",CDKN1B,NM_004064,GGUAGAAUAGGUUUUCCCCUU,2-o-methyl,GGGGAAAACCUAUUCUACCUU,0,11.0
SM3609,"US20120088815A1, EP2415869A1",CDKN1B,NM_004064,GGUAGAAUAGGUUUUCCCCUU,2-o-methyl,GGGGAAAACCUAUUCUACCUU,2-o-methyl,45.0
SM3610,"US20120088815A1, EP2415869A1",CDKN1B,NM_004064,GGUAGAAUAGGUUUUCCCCUU,2-o-methyl,GGGGAAAACCUAUUCUACCUU,2-o-methyl,82.0
SM3612,"US20120088815A1, EP2415869A1",CDKN1B,NM_004064,UCCCUUCCACCGCCAUAUUUU,2-o-methyl,AAUAUGGCGGUGGAAGGGAUU,0,11.0
SM3613,"US20120088815A1, EP2415869A1",CDKN1B,NM_004064,UCCCUUCCACCGCCAUAUUUU,2-o-methyl,AAUAUGGCGGUGGAAGGGAUU,2-o-methyl,47.0
SM3614,"US20120088815A1, EP2415869A1",CDKN1B,NM_004064,UCCCUUCCACCGCCAUAUUUU,2-o-methyl,AAUAUGGCGGUGGAAGGGAUU,2-o-methyl,49.0
SM3616,"US20120088815A1, EP2415869A1",CDKN1B,NM_004064,CGAGUGUCUAACGGGAGCCUU,2-o-methyl,GGCUCCCGUUAGACACUCGUU,0,25.0
SM3617,"US20120088815A1, EP2415869A1",CDKN1B,NM_004064,CGAGUGUCUAACGGGAGCCUU,2-o-methyl,GGCUCCCGUUAGACACUCGUU,2-o-methyl,65.0
SM3618,"US20120088815A1, EP2415869A1",CDKN1B,NM_004064,CGAGUGUCUAACGGGAGCCUU,0,GGCUCCCGUUAGACACUCGUU,2-o-methyl,68.0
SM3620,"US20120088815A1, EP2415869A1",CDKN1B,NM_004064,GACCACGAAGAGUUAACCCUU,2-fluoro,GGGUUAACUCUUCGUGGUCUU,0,51.0
SM3621,"US20120088815A1, EP2415869A1",CDKN1B,NM_004064,GACCACGAAGAGUUAACCCUU,2-fluoro,GGGUUAACUCUUCGUGGUCUU,2-fluoro,85.0
SM3622,"US20120088815A1, EP2415869A1",CDKN1B,NM_004064,GACCACGAAGAGUUAACCCUU,2-fluoro,GGGUUAACUCUUCGUGGUCUU,2-fluoro,82.0
SM3624,"US20120088815A1, EP2415869A1",CDKN1B,NM_004064,AGUUAACCCGGGACUUGGAUU,2-fluoro,UCCAAGUCCCGGGUUAACUUU,0,65.0
SM3625,"US20120088815A1, EP2415869A1",CDKN1B,NM_004064,AGUUAACCCGGGACUUGGAUU,2-fluoro,UCCAAGUCCCGGGUUAACUUU,2-fluoro,85.0
SM3626,"US20120088815A1, EP2415869A1",CDKN1B,NM_004064,AGUUAACCCGGGACUUGGAUU,2-fluoro,UCCAAGUCCCGGGUUAACUUU,2-fluoro,86.0
SM3628,"US20120088815A1, EP2415869A1",CDKN1B,NM_004064,AUCACAAACCCCUAGAGGGUU,2-o-methyl,CCCUCUAGGGGUUUGUGAUUU,0,9.0
SM3629,"US20120088815A1, EP2415869A1",CDKN1B,NM_004064,AUCACAAACCCCUAGAGGGUU,2-o-methyl,CCCUCUAGGGGUUUGUGAUUU,2-o-methyl,27.0
SM3630,"US20120088815A1, EP2415869A1",CDKN1B,NM_004064,AUCACAAACCCCUAGAGGGUU,2-o-methyl,CCCUCUAGGGGUUUGUGAUUU,2-o-methyl,29.0
SM3632,"US20120088815A1, EP2415869A1",CDKN1B,NM_004064,AAACCCCUAGAGGGCAAGUUU,2-o-methyl,ACUUGCCCUCUAGGGGUUUUU,0,62.0
SM3633,"US20120088815A1, EP2415869A1",CDKN1B,NM_004064,AAACCCCUAGAGGGCAAGUUU,2-o-methyl,ACUUGCCCUCUAGGGGUUUUU,2-o-methyl,78.0
SM3634,"US20120088815A1, EP2415869A1",CDKN1B,NM_004064,AAACCCCUAGAGGGCAAGUUU,2-o-methyl,ACUUGCCCUCUAGGGGUUUUU,2-o-methyl,75.0
SM3636,"US20120088815A1, EP2415869A1",CDKN1B,NM_004064,UCCGGCUAACUCUGAGGACUU,2-fluoro,GUCCUCAGAGUUAGCCGGAUU,0,41.0
SM3637,"US20120088815A1, EP2415869A1",CDKN1B,NM_004064,UCCGGCUAACUCUGAGGACUU,2-fluoro,GUCCUCAGAGUUAGCCGGAUU,2-fluoro,85.0
SM3638,"US20120088815A1, EP2415869A1",CDKN1B,NM_004064,UCCGGCUAACUCUGAGGACUU,2-fluoro,GUCCUCAGAGUUAGCCGGAUU,2-fluoro,82.0
SM3640,"US20120088815A1, EP2415869A1",CDKN1B,NM_004064,CGACGAUUCUUCUACUCAAUU,2-fluoro,UUGAGUAGAAGAAUCGUCGUU,0,56.0
SM3641,"US20120088815A1, EP2415869A1",CDKN1B,NM_004064,CGACGAUUCUUCUACUCAAUU,2-fluoro,UUGAGUAGAAGAAUCGUCGUU,2-fluoro,62.0
SM3642,"US20120088815A1, EP2415869A1",CDKN1B,NM_004064,CGACGAUUCUUCUACUCAAUU,2-fluoro,UUGAGUAGAAGAAUCGUCGUU,2-fluoro,67.0
SM3644,"US20120088815A1, EP2415869A1",CDKN1B,NM_004064,UAAACUUUGGGGAAGGGAGUU,2-o-methyl,CUCCCUUCCCCAAAGUUUAUU,0,34.0
SM3645,"US20120088815A1, EP2415869A1",CDKN1B,NM_004064,UAAACUUUGGGGAAGGGAGUU,2-o-methyl,CUCCCUUCCCCAAAGUUUAUU,2-o-methyl,67.0
SM3646,"US20120088815A1, EP2415869A1",CDKN1B,NM_004064,UAAACUUUGGGGAAGGGAGUU,2-o-methyl,CUCCCUUCCCCAAAGUUUAUU,2-o-methyl,72.0
SM3648,"US20120088815A1, EP2415869A1",CDKN1B,NM_004064,AGCGGGGUAUGAAGAGCUUUU,2-o-methyl,AAGCUCUUCAUACCCCGCUUU,0,75.0
SM3649,"US20120088815A1, EP2415869A1",CDKN1B,NM_004064,AGCGGGGUAUGAAGAGCUUUU,2-o-methyl,AAGCUCUUCAUACCCCGCUUU,2-o-methyl,85.0
SM3650,"US20120088815A1, EP2415869A1",CDKN1B,NM_004064,AGCGGGGUAUGAAGAGCUUUU,2-o-methyl,AAGCUCUUCAUACCCCGCUUU,2-o-methyl,82.0
SM3652,"US20120088815A1, EP2415869A1",CDKN1B,NM_004064,CUCCCCAGUCUCUCUUAAAUU,2-o-methyl,UUUAAGAGAGACUGGGGAGUU,0,51.0
SM3653,"US20120088815A1, EP2415869A1",CDKN1B,NM_004064,CUCCCCAGUCUCUCUUAAAUU,2-o-methyl,UUUAAGAGAGACUGGGGAGUU,2-o-methyl,68.0
SM3654,"US20120088815A1, EP2415869A1",CDKN1B,NM_004064,CUCCCCAGUCUCUCUUAAAUU,2-o-methyl,UUUAAGAGAGACUGGGGAGUU,2-o-methyl,69.0
SM3656,"US20120088815A1, EP2415869A1",SOD2_chimp,NM_001009022,GAAUAACCUGAACGUCACCUU,2-o-methyl,GGUGACGUUCAGGUUAUUCUU,0,17.0
SM3657,"US20120088815A1, EP2415869A1",SOD2_chimp,NM_001009022,GAAUAACCUGAACGUCACCUU,2-o-methyl,GGUGACGUUCAGGUUAUUCUU,2-o-methyl,51.0
SM3658,"US20120088815A1, EP2415869A1",SOD2_chimp,NM_001009022,GAAUAACCUGAACGUCACCUU,2-o-methyl,GGUGACGUUCAGGUUAUUCUU,2-o-methyl,55.0
SM3660,"US20120088815A1, EP2415869A1",SOD2_chimp,NM_001009022,ACGUCACCGAGGAGAAGUAUU,2-o-methyl,UACUUCUCCUCGGUGACGUUU,0,36.0
SM3661,"US20120088815A1, EP2415869A1",SOD2_chimp,NM_001009022,ACGUCACCGAGGAGAAGUAUU,2-o-methyl,UACUUCUCCUCGGUGACGUUU,2-o-methyl,48.0
SM3662,"US20120088815A1, EP2415869A1",SOD2_chimp,NM_001009022,ACGUCACCGAGGAGAAGUAUU,2-o-methyl,UACUUCUCCUCGGUGACGUUU,0,69.0
SM3664,"US20120088815A1, EP2415869A1",SOD2_chimp,NM_001009022,AGAAGUACCAGGAGGCGUUUU,2-o-methyl,AACGCCUCCUGGUACUUCUUU,0,24.0
SM3665,"US20120088815A1, EP2415869A1",SOD2_chimp,NM_001009022,AGAAGUACCAGGAGGCGUUUU,2-o-methyl,AACGCCUCCUGGUACUUCUUU,2-o-methyl,68.0
SM3666,"US20120088815A1, EP2415869A1",SOD2_chimp,NM_001009022,AGAAGUACCAGGAGGCGUUUU,2-o-methyl,AACGCCUCCUGGUACUUCUUU,2-o-methyl,69.0
SM3668,"US20120088815A1, EP2415869A1",SOD2_chimp,NM_001009022,AGCCCAGAUAGCUCUUCAGUU,2-fluoro,CUGAAGAGCUAUCUGGGCUUU,0,35.0
SM3669,"US20120088815A1, EP2415869A1",SOD2_chimp,NM_001009022,AGCCCAGAUAGCUCUUCAGUU,2-fluoro,CUGAAGAGCUAUCUGGGCUUU,2-fluoro,61.0
SM3670,"US20120088815A1, EP2415869A1",SOD2_chimp,NM_001009022,AGCCCAGAUAGCUCUUCAGUU,2-fluoro,CUGAAGAGCUAUCUGGGCUUU,2-fluoro,69.0
SM3672,"US20120088815A1, EP2415869A1",SOD2_chimp,NM_001009022,AAACCUCAGCCCUAACGGUUU,2-o-methyl,ACCGUUAGGGCUGAGGUUUUU,0,51.0
SM3673,"US20120088815A1, EP2415869A1",SOD2_chimp,NM_001009022,AAACCUCAGCCCUAACGGUUU,2-o-methyl,ACCGUUAGGGCUGAGGUUUUU,2-o-methyl,79.0
SM3674,"US20120088815A1, EP2415869A1",SOD2_chimp,NM_001009022,AAACCUCAGCCCUAACGGUUU,2-o-methyl,ACCGUUAGGGCUGAGGUUUUU,2-o-methyl,69.0
SM3676,"US20120088815A1, EP2415869A1",SOD2_chimp,NM_001009022,UUAAGGAGAAGCUGACGGCUU,2-o-methyl,GCCGUCAGCUUCUCCUUAAUU,0,24.0
SM3677,"US20120088815A1, EP2415869A1",SOD2_chimp,NM_001009022,UUAAGGAGAAGCUGACGGCUU,2-o-methyl,GCCGUCAGCUUCUCCUUAAUU,2-o-methyl,67.0
SM3678,"US20120088815A1, EP2415869A1",SOD2_chimp,NM_001009022,UUAAGGAGAAGCUGACGGCUU,2-o-methyl,GCCGUCAGCUUCUCCUUAAUU,2-o-methyl,69.0
SM3680,"US20120088815A1, EP2415869A1",SOD2_chimp,NM_001009022,AAGGAACGGGGACACUUACUU,2-o-methyl,GUAAGUGUCCCCGUUCCUUUU,0,12.0
SM3681,"US20120088815A1, EP2415869A1",SOD2_chimp,NM_001009022,AAGGAACGGGGACACUUACUU,2-o-methyl,GUAAGUGUCCCCGUUCCUUUU,2-o-methyl,35.0
SM3682,"US20120088815A1, EP2415869A1",SOD2_chimp,NM_001009022,AAGGAACGGGGACACUUACUU,0,GUAAGUGUCCCCGUUCCUUUU,2-o-methyl,38.0
SM3684,"US20120088815A1, EP2415869A1",SOD2_chimp,NM_001009022,GGAGCACGCUUACUACCUUUU,2-o-methyl,AAGGUAGUAAGCGUGCUCCUU,0,51.0
SM3685,"US20120088815A1, EP2415869A1",SOD2_chimp,NM_001009022,GGAGCACGCUUACUACCUUUU,2-o-methyl,AAGGUAGUAAGCGUGCUCCUU,2-o-methyl,68.0
SM3686,"US20120088815A1, EP2415869A1",SOD2_chimp,NM_001009022,GGAGCACGCUUACUACCUUUU,2-o-methyl,AAGGUAGUAAGCGUGCUCCUU,2-o-methyl,69.0
SM3688,"US20120088815A1, EP2415869A1",CASR_rhesus,XM_001111972,GGCGGGCUCUUUCCUAUUCUU,2-o-methyl,GAAUAGGAAAGAGCCCGCCUU,0,51.0
SM3690,"US20120088815A1, EP2415869A1",CASR_rhesus,XM_001111972,GGCGGGCUCUUUCCUAUUCUU,2-o-methyl,GAAUAGGAAAGAGCCCGCCUU,2-o-methyl,69.0
SM3692,"US20120088815A1, EP2415869A1",CASR_rhesus,XM_001111972,CCGAGAGCUCUCCUACCUUUU,2-o-methyl,AAGGUAGGAGAGCUCUCGGUU,0,34.0
SM3693,"US20120088815A1, EP2415869A1",CASR_rhesus,XM_001111972,CCGAGAGCUCUCCUACCUUUU,2-o-methyl,AAGGUAGGAGAGCUCUCGGUU,2-o-methyl,72.0
SM3694,"US20120088815A1, EP2415869A1",CASR_rhesus,XM_001111972,CCGAGAGCUCUCCUACCUUUU,2-o-methyl,AAGGUAGGAGAGCUCUCGGUU,2-o-methyl,75.0
SM3696,"US20120088815A1, EP2415869A1",CASR_rhesus,XM_001111972,CUCUCCUACCUUCUCCUCUUU,2-fluoro,AGAGGAGAAGGUAGGAGAGUU,0,69.0
SM3697,"US20120088815A1, EP2415869A1",CASR_rhesus,XM_001111972,CUCUCCUACCUUCUCCUCUUU,2-fluoro,AGAGGAGAAGGUAGGAGAGUU,2-fluoro,73.0
SM3698,"US20120088815A1, EP2415869A1",CASR_rhesus,XM_001111972,CUCUCCUACCUUCUCCUCUUU,2-fluoro,AGAGGAGAAGGUAGGAGAGUU,0,78.0
SM3700,"US20120088815A1, EP2415869A1",CASR_rhesus,XM_001111972,CUACCUUCUCCUCUUCUCCUU,2-o-methyl,GGAGAAGAGGAGAAGGUAGUU,0,27.0
SM3701,"US20120088815A1, EP2415869A1",CASR_rhesus,XM_001111972,CUACCUUCUCCUCUUCUCCUU,2-o-methyl,GGAGAAGAGGAGAAGGUAGUU,2-o-methyl,68.0
SM3702,"US20120088815A1, EP2415869A1",CASR_rhesus,XM_001111972,CUACCUUCUCCUCUUCUCCUU,2-o-methyl,GGAGAAGAGGAGAAGGUAGUU,2-o-methyl,69.0
SM3704,"US20120088815A1, EP2415869A1",CASR_rhesus,XM_001111972,AGCCUCCAAACUCCUAGCUUU,2-fluoro,AGCUAGGAGUUUGGAGGCUUU,0,16.0
SM3705,"US20120088815A1, EP2415869A1",CASR_rhesus,XM_001111972,AGCCUCCAAACUCCUAGCUUU,2-fluoro,AGCUAGGAGUUUGGAGGCUUU,0,32.0
SM3706,"US20120088815A1, EP2415869A1",CASR_rhesus,XM_001111972,AGCCUCCAAACUCCUAGCUUU,2-fluoro,AGCUAGGAGUUUGGAGGCUUU,2-fluoro,69.0
SM3708,"US20120088815A1, EP2415869A1",CASR_rhesus,XM_001111972,UCCUAGCUGUCUUGUCCCUUU,2-o-methyl,AGGGACAAGACAGCUAGGAUU,0,27.0
SM3709,"US20120088815A1, EP2415869A1",CASR_rhesus,XM_001111972,UCCUAGCUGUCUUGUCCCUUU,2-o-methyl,AGGGACAAGACAGCUAGGAUU,2-o-methyl,68.0
SM3710,"US20120088815A1, EP2415869A1",CASR_rhesus,XM_001111972,UCCUAGCUGUCUUGUCCCUUU,2-o-methyl,AGGGACAAGACAGCUAGGAUU,2-o-methyl,71.0
SM3712,"US20120088815A1, EP2415869A1",CASR_rhesus,XM_001111972,AUACUUGGCGGGCUCUUUCUU,2-o-methyl,GAAAGAGCCCGCCAAGUAUUU,0,19.0
SM3713,"US20120088815A1, EP2415869A1",CASR_rhesus,XM_001111972,AUACUUGGCGGGCUCUUUCUU,2-o-methyl,GAAAGAGCCCGCCAAGUAUUU,2-o-methyl,42.0
SM3714,"US20120088815A1, EP2415869A1",CASR_rhesus,XM_001111972,AUACUUGGCGGGCUCUUUCUU,2-o-methyl,GAAAGAGCCCGCCAAGUAUUU,0,48.0
SM3716,"US20120088815A1, EP2415869A1",CASR_rhesus,XM_001111972,GGGGCUCUUCUACAUUCCCUU,2-o-methyl,GGGAAUGUAGAAGAGCCCCUU,0,51.0
SM3717,"US20120088815A1, EP2415869A1",CASR_rhesus,XM_001111972,GGGGCUCUUCUACAUUCCCUU,2-o-methyl,GGGAAUGUAGAAGAGCCCCUU,2-o-methyl,68.0
SM3718,"US20120088815A1, EP2415869A1",CASR_rhesus,XM_001111972,GGGGCUCUUCUACAUUCCCUU,2-o-methyl,GGGAAUGUAGAAGAGCCCCUU,2-o-methyl,72.0
SM3720,"US20120088815A1, EP2415869A1",CASR_rhesus,XM_001111972,GAGUAUUUCCGCUGGAACUUU,2-fluoro,AGUUCCAGCGGAAAUACUCUU,0,21.0
SM3721,"US20120088815A1, EP2415869A1",CASR_rhesus,XM_001111972,GAGUAUUUCCGCUGGAACUUU,2-fluoro,AGUUCCAGCGGAAAUACUCUU,2-fluoro,73.0
SM3722,"US20120088815A1, EP2415869A1",CASR_rhesus,XM_001111972,GAGUAUUUCCGCUGGAACUUU,2-fluoro,AGUUCCAGCGGAAAUACUCUU,2-fluoro,75.0
SM3724,"US20120088815A1, EP2415869A1",CASR_rhesus,XM_001111972,GCUGAGGAAAGGGACAUCUUU,2-o-methyl,AGAUGUCCCUUUCCUCAGCUU,0,61.0
SM3725,"US20120088815A1, EP2415869A1",CASR_rhesus,XM_001111972,GCUGAGGAAAGGGACAUCUUU,2-o-methyl,AGAUGUCCCUUUCCUCAGCUU,2-o-methyl,76.0
SM3726,"US20120088815A1, EP2415869A1",CASR_rhesus,XM_001111972,GCUGAGGAAAGGGACAUCUUU,0,AGAUGUCCCUUUCCUCAGCUU,2-o-methyl,78.0
SM3728,"US20120088815A1, EP2415869A1",CASR_rhesus,XM_001111972,GUACUCUGAUGAGGAAGAGUU,2-o-methyl,CUCUUCCUCAUCAGAGUACUU,0,18.0
SM3729,"US20120088815A1, EP2415869A1",CASR_rhesus,XM_001111972,GUACUCUGAUGAGGAAGAGUU,2-o-methyl,CUCUUCCUCAUCAGAGUACUU,2-o-methyl,68.0
SM3730,"US20120088815A1, EP2415869A1",CASR_rhesus,XM_001111972,GUACUCUGAUGAGGAAGAGUU,2-o-methyl,CUCUUCCUCAUCAGAGUACUU,0,69.0
SM3732,"US20120088815A1, EP2415869A1",CASR_rhesus,XM_001111972,GGCCAAAGUAAUCGUGGUUUU,2-o-methyl,AACCACGAUUACUUUGGCCUU,0,37.0
SM3733,"US20120088815A1, EP2415869A1",CASR_rhesus,XM_001111972,GGCCAAAGUAAUCGUGGUUUU,2-o-methyl,AACCACGAUUACUUUGGCCUU,2-o-methyl,86.0
SM3734,"US20120088815A1, EP2415869A1",CASR_rhesus,XM_001111972,GGCCAAAGUAAUCGUGGUUUU,2-o-methyl,AACCACGAUUACUUUGGCCUU,2-o-methyl,85.0
SM3736,"US20120088815A1, EP2415869A1",CASR_rhesus,XM_001111972,GUCUAUGCCAAGAAGGGAGUU,2-o-methyl,CUCCCUUCUUGGCAUAGACUU,0,24.0
SM3737,"US20120088815A1, EP2415869A1",CASR_rhesus,XM_001111972,GUCUAUGCCAAGAAGGGAGUU,2-o-methyl,CUCCCUUCUUGGCAUAGACUU,2-o-methyl,72.0
SM3738,"US20120088815A1, EP2415869A1",CASR_rhesus,XM_001111972,GUCUAUGCCAAGAAGGGAGUU,2-o-methyl,CUCCCUUCUUGGCAUAGACUU,2-o-methyl,76.0
SM3740,"US20120088815A1, EP2415869A1",CASR_rhesus,XM_001111972,UCUACACCGCGCCCCCCUCUU,2-o-methyl,GAGGGGGGCGCGGUGUAGAUU,0,39.0
SM3741,"US20120088815A1, EP2415869A1",CASR_rhesus,XM_001111972,UCUACACCGCGCCCCCCUCUU,2-o-methyl,GAGGGGGGCGCGGUGUAGAUU,2-o-methyl,73.0
SM3742,"US20120088815A1, EP2415869A1",CASR_rhesus,XM_001111972,UCUACACCGCGCCCCCCUCUU,2-o-methyl,GAGGGGGGCGCGGUGUAGAUU,2-o-methyl,79.0
SM3744,"US20120088815A1, EP2415869A1",CASR_rhesus,XM_001111972,CGCCCCCCUCAAGCUACCGUU,2-o-methyl,CGGUAGCUUGAGGGGGGCGUU,0,44.0
SM3745,"US20120088815A1, EP2415869A1",CASR_rhesus,XM_001111972,CGCCCCCCUCAAGCUACCGUU,2-o-methyl,CGGUAGCUUGAGGGGGGCGUU,2-o-methyl,72.0
SM3746,"US20120088815A1, EP2415869A1",CASR_rhesus,XM_001111972,CGCCCCCCUCAAGCUACCGUU,2-o-methyl,CGGUAGCUUGAGGGGGGCGUU,2-o-methyl,76.0
SM3748,"US20120088815A1, EP2415869A1",CASR_rhesus,XM_001111972,GCUACCGCAACCACGAGCUUU,2-fluoro,AGCUCGUGGUUGCGGUAGCUU,0,21.0
SM3749,"US20120088815A1, EP2415869A1",CASR_rhesus,XM_001111972,GCUACCGCAACCACGAGCUUU,2-fluoro,AGCUCGUGGUUGCGGUAGCUU,2-fluoro,42.0
SM3750,"US20120088815A1, EP2415869A1",CASR_rhesus,XM_001111972,GCUACCGCAACCACGAGCUUU,2-fluoro,AGCUCGUGGUUGCGGUAGCUU,2-fluoro,45.0
SM3752,"US20120088815A1, EP2415869A1",CASR_rhesus,XM_001111972,CUCCUUCAUUCCAGCCUAUUU,2-o-methyl,AUAGGCUGGAAUGAAGGAGUU,0,51.0
SM3753,"US20120088815A1, EP2415869A1",CASR_rhesus,XM_001111972,CUCCUUCAUUCCAGCCUAUUU,2-o-methyl,AUAGGCUGGAAUGAAGGAGUU,2-o-methyl,78.0
SM3754,"US20120088815A1, EP2415869A1",CASR_rhesus,XM_001111972,CUCCUUCAUUCCAGCCUAUUU,2-o-methyl,AUAGGCUGGAAUGAAGGAGUU,2-o-methyl,81.0
SM3756,"US20120088815A1, EP2415869A1",CASR_rhesus,XM_001111972,AGAAAAGCAGCGAUACGCUUU,2-o-methyl,AGCGUAUCGCUGCUUUUCUUU,0,34.0
SM3757,"US20120088815A1, EP2415869A1",CASR_rhesus,XM_001111972,AGAAAAGCAGCGAUACGCUUU,2-o-methyl,AGCGUAUCGCUGCUUUUCUUU,2-o-methyl,68.0
SM3758,"US20120088815A1, EP2415869A1",CASR_rhesus,XM_001111972,AGAAAAGCAGCGAUACGCUUU,2-o-methyl,AGCGUAUCGCUGCUUUUCUUU,0,69.0
SM3852,"US20120088815A1, EP2415869A1",KAZRIN,NM_201628,CUAGAGGAUCUUGAAGACCUU,2-fluoro,GGUCUUCAAGAUCCUCUAGUU,0,61.0
SM3853,"US20120088815A1, EP2415869A1",KAZRIN,NM_201628,CUAGAGGAUCUUGAAGACCUU,2-fluoro,GGUCUUCAAGAUCCUCUAGUU,2-fluoro,78.0
SM3854,"US20120088815A1, EP2415869A1",KAZRIN,NM_201628,CUAGAGGAUCUUGAAGACCUU,2-fluoro,GGUCUUCAAGAUCCUCUAGUU,2-fluoro,81.0
SM4004,"US20120088815A1, EP2415869A1",MIR155HG,NR_001458,AAACCAGGAAGGGGAAAUCUU,2-fluoro,GAUUUCCCCUUCCUGGUUUUU,2-fluoro,42.0
SM4005,"US20120088815A1, EP2415869A1",MIR155HG,NR_001458,AAACCAGGAAGGGGAAAUCUU,2-fluoro,GAUUUCCCCUUCCUGGUUUUU,2-fluoro,61.0
SM4006,"US20120088815A1, EP2415869A1",MIR155HG,NR_001458,AAACCAGGAAGGGGAAAUCUU,2-fluoro,GAUUUCCCCUUCCUGGUUUUU,0,64.0
SM4008,"US20120088815A1, EP2415869A1",MIR155HG,NR_001458,GAAGGGGAAAUCUGUGGUUUU,2-o-methyl,AACCACAGAUUUCCCCUUCUU,0,41.0
SM4009,"US20120088815A1, EP2415869A1",MIR155HG,NR_001458,GAAGGGGAAAUCUGUGGUUUU,2-o-methyl,AACCACAGAUUUCCCCUUCUU,2-o-methyl,61.0
SM4010,"US20120088815A1, EP2415869A1",MIR155HG,NR_001458,GAAGGGGAAAUCUGUGGUUUU,2-o-methyl,AACCACAGAUUUCCCCUUCUU,2-o-methyl,65.0
SM4012,"US20120088815A1, EP2415869A1",MIR155HG,NR_001458,GGGAGGAUGACAAAGAAGCUU,0,GCUUCUUUGUCAUCCUCCCUU,2-fluoro,37.0
SM4013,"US20120088815A1, EP2415869A1",MIR155HG,NR_001458,GGGAGGAUGACAAAGAAGCUU,2-fluoro,GCUUCUUUGUCAUCCUCCCUU,2-fluoro,78.0
SM4014,"US20120088815A1, EP2415869A1",MIR155HG,NR_001458,GGGAGGAUGACAAAGAAGCUU,2-fluoro,GCUUCUUUGUCAUCCUCCCUU,2-fluoro,84.0
SM4016,"US20120088815A1, EP2415869A1",MIR155HG,NR_001458,GAAACUGGUACUUUCCCCCUU,2-o-methyl,GGGGGAAAGUACCAGUUUCUU,0,57.0
SM4017,"US20120088815A1, EP2415869A1",MIR155HG,NR_001458,GAAACUGGUACUUUCCCCCUU,2-o-methyl,GGGGGAAAGUACCAGUUUCUU,2-o-methyl,85.0
SM4018,"US20120088815A1, EP2415869A1",MIR155HG,NR_001458,GAAACUGGUACUUUCCCCCUU,2-o-methyl,GGGGGAAAGUACCAGUUUCUU,2-o-methyl,88.0
SM4020,"US20120088815A1, EP2415869A1",KAZRIN,NM_201628,AUCGCUGCUCCUCCUCCUCUU,2-fluoro,GAGGAGGAGGAGCAGCGAUUU,2-fluoro,39.0
SM4021,"US20120088815A1, EP2415869A1",KAZRIN,NM_201628,AUCGCUGCUCCUCCUCCUCUU,2-fluoro,GAGGAGGAGGAGCAGCGAUUU,2-fluoro,69.0
SM4022,"US20120088815A1, EP2415869A1",KAZRIN,NM_201628,AUCGCUGCUCCUCCUCCUCUU,2-fluoro,GAGGAGGAGGAGCAGCGAUUU,2-fluoro,71.0
SM4024,"US20120088815A1, EP2415869A1",KAZRIN,NM_201628,AGCUCUUUGUCACCUCUCUUU,2-o-methyl,AGAGAGGUGACAAAGAGCUUU,2-o-methyl,19.0
SM4025,"US20120088815A1, EP2415869A1",KAZRIN,NM_201628,AGCUCUUUGUCACCUCUCUUU,2-o-methyl,AGAGAGGUGACAAAGAGCUUU,2-o-methyl,34.0
SM4026,"US20120088815A1, EP2415869A1",KAZRIN,NM_201628,AGCUCUUUGUCACCUCUCUUU,2-o-methyl,AGAGAGGUGACAAAGAGCUUU,2-o-methyl,37.0
SM4028,"US20120088815A1, EP2415869A1",KAZRIN,NM_201628,AAUAAGCAGCUCGCGCUCCUU,2-o-methyl,GGAGCGCGAGCUGCUUAUUUU,2-o-methyl,32.0
SM4029,"US20120088815A1, EP2415869A1",KAZRIN,NM_201628,AAUAAGCAGCUCGCGCUCCUU,2-o-methyl,GGAGCGCGAGCUGCUUAUUUU,2-o-methyl,51.0
SM4030,"US20120088815A1, EP2415869A1",KAZRIN,NM_201628,AAUAAGCAGCUCGCGCUCCUU,2-o-methyl,GGAGCGCGAGCUGCUUAUUUU,2-o-methyl,54.0
SM4032,"US20120088815A1, EP2415869A1",KAZRIN,NM_201628,CUAGAGGAUCUUGAAGACCUU,2-fluoro,GGUCUUCAAGAUCCUCUAGUU,2-fluoro,38.0
SM4033,"US20120088815A1, EP2415869A1",KAZRIN,NM_201628,CUAGAGGAUCUUGAAGACCUU,2-fluoro,GGUCUUCAAGAUCCUCUAGUU,2-fluoro,91.0
SM4034,"US20120088815A1, EP2415869A1",KAZRIN,NM_201628,CUAGAGGAUCUUGAAGACCUU,0,GGUCUUCAAGAUCCUCUAGUU,2-fluoro,95.0
SM4036,"US20120088815A1, EP2415869A1",KAZRIN,NM_201628,AUCGACCUGAAGGAGUACGUU,2-o-methyl,CGUACUCCUUCAGGUCGAUUU,2-o-methyl,19.0
SM4037,"US20120088815A1, EP2415869A1",KAZRIN,NM_201628,AUCGACCUGAAGGAGUACGUU,2-o-methyl,CGUACUCCUUCAGGUCGAUUU,2-o-methyl,29.0
SM4038,"US20120088815A1, EP2415869A1",KAZRIN,NM_201628,AUCGACCUGAAGGAGUACGUU,2-o-methyl,CGUACUCCUUCAGGUCGAUUU,2-o-methyl,30.0
SM4040,"US20120088815A1, EP2415869A1",CDKN1B,NM_004064,CCCUCCCCUGUCCCCGCUUUU,2-fluoro,AAGCGGGGACAGGGGAGGGUU,2-fluoro,41.0
SM4041,"US20120088815A1, EP2415869A1",CDKN1B,NM_004064,CCCUCCCCUGUCCCCGCUUUU,2-fluoro,AAGCGGGGACAGGGGAGGGUU,2-fluoro,72.0
SM4042,"US20120088815A1, EP2415869A1",CDKN1B,NM_004064,CCCUCCCCUGUCCCCGCUUUU,2-fluoro,AAGCGGGGACAGGGGAGGGUU,0,73.0
SM4044,"US20120088815A1, EP2415869A1",CDKN1B,NM_004064,UUUGAUCAGCGGAGACUCGUU,2-o-methyl,CGAGUCUCCGCUGAUCAAAUU,2-o-methyl,49.0
SM4045,"US20120088815A1, EP2415869A1",CDKN1B,NM_004064,UUUGAUCAGCGGAGACUCGUU,2-o-methyl,CGAGUCUCCGCUGAUCAAAUU,2-o-methyl,89.0
SM4046,"US20120088815A1, EP2415869A1",CDKN1B,NM_004064,UUUGAUCAGCGGAGACUCGUU,2-o-methyl,CGAGUCUCCGCUGAUCAAAUU,0,82.0
SM4048,"US20120088815A1, EP2415869A1",CDKN1B,NM_004064,AGUUAACCCGGGACUUGGAUU,2-o-methyl,UCCAAGUCCCGGGUUAACUUU,2-o-methyl,45.0
SM4049,"US20120088815A1, EP2415869A1",CDKN1B,NM_004064,AGUUAACCCGGGACUUGGAUU,2-o-methyl,UCCAAGUCCCGGGUUAACUUU,2-o-methyl,90.0
SM4050,"US20120088815A1, EP2415869A1",CDKN1B,NM_004064,AGUUAACCCGGGACUUGGAUU,2-o-methyl,UCCAAGUCCCGGGUUAACUUU,2-o-methyl,91.0
SM4052,"US20120088815A1, EP2415869A1",CDKN1B,NM_004064,AUCACAAACCCCUAGAGGGUU,2-o-methyl,CCCUCUAGGGGUUUGUGAUUU,2-o-methyl,35.0
SM4053,"US20120088815A1, EP2415869A1",CDKN1B,NM_004064,AUCACAAACCCCUAGAGGGUU,2-o-methyl,CCCUCUAGGGGUUUGUGAUUU,2-o-methyl,75.0
SM4054,"US20120088815A1, EP2415869A1",CDKN1B,NM_004064,AUCACAAACCCCUAGAGGGUU,2-o-methyl,CCCUCUAGGGGUUUGUGAUUU,2-o-methyl,75.0
SM4056,"US20120088815A1, EP2415869A1",CDKN1B,NM_004064,AAACCCCUAGAGGGCAAGUUU,0,ACUUGCCCUCUAGGGGUUUUU,2-fluoro,37.0
SM4057,"US20120088815A1, EP2415869A1",CDKN1B,NM_004064,AAACCCCUAGAGGGCAAGUUU,2-fluoro,ACUUGCCCUCUAGGGGUUUUU,2-fluoro,82.0
SM4058,"US20120088815A1, EP2415869A1",CDKN1B,NM_004064,AAACCCCUAGAGGGCAAGUUU,2-fluoro,ACUUGCCCUCUAGGGGUUUUU,0,83.0
SM4064,"US20120088815A1, EP2415869A1",SOD2_chimp,NM_001009022,UGAACGUCACCGAGGAGAAUU,2-o-methyl,UUCUCCUCGGUGACGUUCAUU,2-o-methyl,65.0
SM4065,"US20120088815A1, EP2415869A1",SOD2_chimp,NM_001009022,UGAACGUCACCGAGGAGAAUU,2-o-methyl,UUCUCCUCGGUGACGUUCAUU,2-o-methyl,82.0
SM4066,"US20120088815A1, EP2415869A1",SOD2_chimp,NM_001009022,UGAACGUCACCGAGGAGAAUU,2-o-methyl,UUCUCCUCGGUGACGUUCAUU,2-o-methyl,85.0
SM4068,"US20120088815A1, EP2415869A1",SOD2_chimp,NM_001009022,AACCCAAAGGGGAGUUGCUUU,2-o-methyl,AGCAACUCCCCUUUGGGUUUU,2-o-methyl,37.0
SM4069,"US20120088815A1, EP2415869A1",SOD2_chimp,NM_001009022,AACCCAAAGGGGAGUUGCUUU,2-o-methyl,AGCAACUCCCCUUUGGGUUUU,2-o-methyl,92.0
SM4070,"US20120088815A1, EP2415869A1",SOD2_chimp,NM_001009022,AACCCAAAGGGGAGUUGCUUU,2-o-methyl,AGCAACUCCCCUUUGGGUUUU,2-o-methyl,83.0
SM4072,"US20120088815A1, EP2415869A1",SOD2_chimp,NM_001009022,AAAGGGGAGUUGCUGGAAGUU,2-o-methyl,CUUCCAGCAACUCCCCUUUUU,2-o-methyl,47.0
SM4073,"US20120088815A1, EP2415869A1",SOD2_chimp,NM_001009022,AAAGGGGAGUUGCUGGAAGUU,2-o-methyl,CUUCCAGCAACUCCCCUUUUU,2-o-methyl,74.0
SM4074,"US20120088815A1, EP2415869A1",SOD2_chimp,NM_001009022,AAAGGGGAGUUGCUGGAAGUU,2-o-methyl,CUUCCAGCAACUCCCCUUUUU,2-o-methyl,76.0
SM4076,"US20120088815A1, EP2415869A1",SOD2_chimp,NM_001009022,AAACGUGACUUUGGUUCCUUU,2-o-methyl,AGGAACCAAAGUCACGUUUUU,2-o-methyl,37.0
SM4077,"US20120088815A1, EP2415869A1",SOD2_chimp,NM_001009022,AAACGUGACUUUGGUUCCUUU,2-o-methyl,AGGAACCAAAGUCACGUUUUU,2-o-methyl,82.0
SM4078,"US20120088815A1, EP2415869A1",SOD2_chimp,NM_001009022,AAACGUGACUUUGGUUCCUUU,2-o-methyl,AGGAACCAAAGUCACGUUUUU,2-o-methyl,83.0
SM4080,"US20120088815A1, EP2415869A1",SOD2_chimp,NM_001009022,GAAUAACCUGAACGUCACCUU,2-o-methyl,GGUGACGUUCAGGUUAUUCUU,2-o-methyl,21.0
SM4081,"US20120088815A1, EP2415869A1",SOD2_chimp,NM_001009022,GAAUAACCUGAACGUCACCUU,2-o-methyl,GGUGACGUUCAGGUUAUUCUU,2-o-methyl,69.0
SM4082,"US20120088815A1, EP2415869A1",SOD2_chimp,NM_001009022,GAAUAACCUGAACGUCACCUU,2-o-methyl,GGUGACGUUCAGGUUAUUCUU,2-o-methyl,71.0
SM4084,"US20120088815A1, EP2415869A1",SOD2_chimp,NM_001009022,ACGUCACCGAGGAGAAGUAUU,2-o-methyl,UACUUCUCCUCGGUGACGUUU,2-o-methyl,31.0
SM4085,"US20120088815A1, EP2415869A1",SOD2_chimp,NM_001009022,ACGUCACCGAGGAGAAGUAUU,2-o-methyl,UACUUCUCCUCGGUGACGUUU,2-o-methyl,74.0
SM4086,"US20120088815A1, EP2415869A1",SOD2_chimp,NM_001009022,ACGUCACCGAGGAGAAGUAUU,2-o-methyl,UACUUCUCCUCGGUGACGUUU,2-o-methyl,80.0
SM4088,"US20120088815A1, EP2415869A1",SOD2_chimp,NM_001009022,AGAAGUACCAGGAGGCGUUUU,2-fluoro,AACGCCUCCUGGUACUUCUUU,2-fluoro,39.0
SM4089,"US20120088815A1, EP2415869A1",SOD2_chimp,NM_001009022,AGAAGUACCAGGAGGCGUUUU,2-fluoro,AACGCCUCCUGGUACUUCUUU,2-fluoro,57.0
SM4090,"US20120088815A1, EP2415869A1",SOD2_chimp,NM_001009022,AGAAGUACCAGGAGGCGUUUU,2-fluoro,AACGCCUCCUGGUACUUCUUU,2-fluoro,60.0
SM4092,"US20120088815A1, EP2415869A1",SOD2_chimp,NM_001009022,AAACCUCAGCCCUAACGGUUU,2-o-methyl,ACCGUUAGGGCUGAGGUUUUU,2-o-methyl,28.0
SM4093,"US20120088815A1, EP2415869A1",SOD2_chimp,NM_001009022,AAACCUCAGCCCUAACGGUUU,2-o-methyl,ACCGUUAGGGCUGAGGUUUUU,2-o-methyl,70.0
SM4094,"US20120088815A1, EP2415869A1",SOD2_chimp,NM_001009022,AAACCUCAGCCCUAACGGUUU,2-o-methyl,ACCGUUAGGGCUGAGGUUUUU,2-o-methyl,70.0
SM4096,"US20120088815A1, EP2415869A1",SOD2_chimp,NM_001009022,UUAAGGAGAAGCUGACGGCUU,2-o-methyl,GCCGUCAGCUUCUCCUUAAUU,2-o-methyl,45.0
SM4097,"US20120088815A1, EP2415869A1",SOD2_chimp,NM_001009022,UUAAGGAGAAGCUGACGGCUU,2-o-methyl,GCCGUCAGCUUCUCCUUAAUU,2-o-methyl,82.0
SM4098,"US20120088815A1, EP2415869A1",SOD2_chimp,NM_001009022,UUAAGGAGAAGCUGACGGCUU,2-o-methyl,GCCGUCAGCUUCUCCUUAAUU,2-o-methyl,83.0
SM4100,"US20120088815A1, EP2415869A1",CASR_rhesus,XM_001111972,AACUUCUGGGAGCCUCCAAUU,2-o-methyl,UUGGAGGCUCCCAGAAGUUUU,2-o-methyl,42.0
SM4101,"US20120088815A1, EP2415869A1",CASR_rhesus,XM_001111972,AACUUCUGGGAGCCUCCAAUU,2-o-methyl,UUGGAGGCUCCCAGAAGUUUU,2-o-methyl,69.0
SM4102,"US20120088815A1, EP2415869A1",CASR_rhesus,XM_001111972,AACUUCUGGGAGCCUCCAAUU,2-o-methyl,UUGGAGGCUCCCAGAAGUUUU,2-o-methyl,73.0
SM4104,"US20120088815A1, EP2415869A1",CASR_rhesus,XM_001111972,CCAGCGAGCCCAAAAGAAAUU,2-fluoro,UUUCUUUUGGGCUCGCUGGUU,2-fluoro,35.0
SM4105,"US20120088815A1, EP2415869A1",CASR_rhesus,XM_001111972,CCAGCGAGCCCAAAAGAAAUU,2-fluoro,UUUCUUUUGGGCUCGCUGGUU,2-fluoro,82.0
SM4106,"US20120088815A1, EP2415869A1",CASR_rhesus,XM_001111972,CCAGCGAGCCCAAAAGAAAUU,2-fluoro,UUUCUUUUGGGCUCGCUGGUU,0,85.0
SM4108,"US20120088815A1, EP2415869A1",CASR_rhesus,XM_001111972,CUCAAAUCAAGGCCGGAGUUU,2-o-methyl,ACUCCGGCCUUGAUUUGAGUU,2-o-methyl,36.0
SM4109,"US20120088815A1, EP2415869A1",CASR_rhesus,XM_001111972,CUCAAAUCAAGGCCGGAGUUU,2-o-methyl,ACUCCGGCCUUGAUUUGAGUU,2-o-methyl,82.0
SM4110,"US20120088815A1, EP2415869A1",CASR_rhesus,XM_001111972,CUCAAAUCAAGGCCGGAGUUU,0,ACUCCGGCCUUGAUUUGAGUU,2-o-methyl,85.0
SM4112,"US20120088815A1, EP2415869A1",CASR_rhesus,XM_001111972,AGCCUCCAAACUCCUAGCUUU,2-o-methyl,AGCUAGGAGUUUGGAGGCUUU,2-o-methyl,47.0
SM4113,"US20120088815A1, EP2415869A1",CASR_rhesus,XM_001111972,AGCCUCCAAACUCCUAGCUUU,2-o-methyl,AGCUAGGAGUUUGGAGGCUUU,2-o-methyl,65.0
SM4114,"US20120088815A1, EP2415869A1",CASR_rhesus,XM_001111972,AGCCUCCAAACUCCUAGCUUU,0,AGCUAGGAGUUUGGAGGCUUU,2-o-methyl,70.0
SM4116,"US20120088815A1, EP2415869A1",CASR_rhesus,XM_001111972,AUACUUGGCGGGCUCUUUCUU,2-o-methyl,GAAAGAGCCCGCCAAGUAUUU,2-o-methyl,25.0
SM4117,"US20120088815A1, EP2415869A1",CASR_rhesus,XM_001111972,AUACUUGGCGGGCUCUUUCUU,2-o-methyl,GAAAGAGCCCGCCAAGUAUUU,2-o-methyl,70.0
SM4118,"US20120088815A1, EP2415869A1",CASR_rhesus,XM_001111972,AUACUUGGCGGGCUCUUUCUU,2-o-methyl,GAAAGAGCCCGCCAAGUAUUU,2-o-methyl,72.0
SM4371,25699137,Luciferase_firefly,U47296,CUUACGCUGAGUACUUCGAUU,2-deoxy,UCGAAGUACUCAGCGUAAGUU,2-deoxy,69.0
SM4376,25699137,Luciferase_firefly,U47296,CUUACGCUGAGUACUUCGA,2-deoxy,UCGAAGUACUCAGCGUAAGUU,2-deoxy,92.0
SM4386,25699137,Luciferase_firefly,U47296,CUUACGCUGAGUACUUCGAUU,2-deoxy,UCGAAGUACUCAGCGUAAGUU,2-deoxy,89.0
SM4391,25699137,Luciferase_firefly,U47296,CUUACGCUGAGUACUUCGA,2-deoxy,UCGAAGUACUCAGCGUAAGUU,2-deoxy,94.0
SM4415,25699137,Luciferase_firefly,U47296,CUUACGCUGAGUACUUCGAUU,2-deoxy,UCGAAGUACUCAGCGUAAGUU,2-deoxy,30.0
SM4419,25699137,Luciferase_firefly,U47296,CUUACGCUGAGUACUUCGAUU,2-deoxy,UCGAAGUACUCAGCGUAAGUU,2-deoxy,33.0
SM4423,25699137,Luciferase_firefly,U47296,CUUACGCUGAGUACUUCGAUU,2-deoxy,UCGAAGUACUCAGCGUAAGUU,2-deoxy,75.0
SM4462,21985606,VEGFA,NM_001025366,UCCUACAGCACAACAAAUGUG,2-deoxy,CAUUUGUUGUGCUGUAGGAUU,2-deoxy,54.0
SM4468,21985606,VEGFA,NM_001025366,UCCUACAGCACAACAAAUGUG,2-deoxy,CAUUUGUUGUGCUGUAGGAAG,2-deoxy,25.0
SM4474,21985606,VEGFA,NM_001025366,UCCUACAGCACAACAAAUGUG,2-deoxy,CAUUUGUUGUGCUGUAGGAAG,2-deoxy,0.0
SM4480,21985606,VEGFA,NM_001025366,UCCUACAGCACAACAAAUGUG,2-deoxy,CAUUUGUUGUGCUGUAGGAAG,2-deoxy,0.0
SM4484,12408823,EGFP,U55763,GCAGCACGACUUCUUCAAGUU,2-deoxy,CUUGAAGAAGUCGUGCUGCUU,2-deoxy,62.0
SM4492,12408823,EGFP,U55763,GCAGCACGACUUCUUCAAGUU,2-deoxy,CUUGAAGAAGUCGUGCUGCUU,2-deoxy,92.0
SM4500,12408823,EGFP,U55763,GCAGCACGACUUCUUCAAGUU,2-deoxy,CUUGAAGAAGUCGUGCUGCUU,2-deoxy,78.0
SM4544,22260772,Luciferase_firefly,U47296,CUUACGCUGAGUACUUCGAUU,2-deoxy,UCGAAGUACUCAGCGUAAGUU,2-deoxy,83.0
SM4559,22260772,Luciferase_firefly,U47296,CUUACGCUGAGUACUUCGAUU,2-deoxy,UCGAAGUACUCAGCGUAAGUU,2-deoxy,91.0
SM4574,22260772,Luciferase_firefly,U47296,CUUACGCUGAGUACUUCGAUU,2-deoxy,UCGAAGUACUCAGCGUAAGUU,2-deoxy,98.0
SM4661,US 20080249039 A1,Luciferase_firefly,U47296,CUUACGCUGAGUACUUCGAUU,0,UCGAAGUACUCAGCGUAAGUU,locked nucleic acid,0.0
SM4662,US 20080249039 A1,Luciferase_firefly,U47296,CUUACGCUGAGUACUUCGAUU,0,UCGAAGUACUCAGCGUAAGUU,locked nucleic acid,82.0
SM4663,US 20080249039 A1,Luciferase_firefly,U47296,CUUACGCUGAGUACUUCGAUU,0,UCGAAGUACUCAGCGUAAGUU,locked nucleic acid,85.0
SM4664,US 20080249039 A1,Luciferase_firefly,U47296,CUUACGCUGAGUACUUCGAUU,0,UCGAAGUACUCAGCGUAAGUU,locked nucleic acid,83.0
SM4665,US 20080249039 A1,Luciferase_firefly,U47296,CUUACGCUGAGUACUUCGAUU,0,UCGAAGUACUCAGCGUAAGUU,locked nucleic acid,82.0
SM4666,US 20080249039 A1,Luciferase_firefly,U47296,CUUACGCUGAGUACUUCGAUU,0,UCGAAGUACUCAGCGUAAGUU,locked nucleic acid,81.0
SM4667,US 20080249039 A1,Luciferase_firefly,U47296,CUUACGCUGAGUACUUCGAUU,0,UCGAAGUACUCAGCGUAAGUU,locked nucleic acid,86.0
SM4668,US 20080249039 A1,Luciferase_firefly,U47296,CUUACGCUGAGUACUUCGAUU,0,UCGAAGUACUCAGCGUAAGUU,locked nucleic acid,85.0
SM4670,US 20080249039 A1,Luciferase_firefly,U47296,CUUACGCUGAGUACUUCGAUU,0,UCGAAGUACUCAGCGUAAGUU,locked nucleic acid,50.0
SM4671,US 20080249039 A1,Luciferase_firefly,U47296,CUUACGCUGAGUACUUCGAUU,0,UCGAAGUACUCAGCGUAAGUU,locked nucleic acid,89.0
SM4672,US 20080249039 A1,Luciferase_firefly,U47296,CUUACGCUGAGUACUUCGAUU,0,UCGAAGUACUCAGCGUAAGUU,locked nucleic acid,65.0
SM4673,US 20080249039 A1,Luciferase_firefly,U47296,CUUACGCUGAGUACUUCGAUU,0,UCGAAGUACUCAGCGUAAGUU,locked nucleic acid,43.0
SM4674,US 20080249039 A1,Luciferase_firefly,U47296,CUUACGCUGAGUACUUCGAUU,0,UCGAAGUACUCAGCGUAAGUU,locked nucleic acid,85.0
SM4675,US 20080249039 A1,Luciferase_firefly,U47296,CUUACGCUGAGUACUUCGAUU,0,UCGAAGUACUCAGCGUAAGUU,locked nucleic acid,81.0
SM4676,US 20080249039 A1,Luciferase_firefly,U47296,CUUACGCUGAGUACUUCGAUU,0,UCGAAGUACUCAGCGUAAGUU,locked nucleic acid,93.0
SM4677,US 20080249039 A1,Luciferase_firefly,U47296,CUUACGCUGAGUACUUCGAUU,0,UCGAAGUACUCAGCGUAAGUU,locked nucleic acid,92.0
SM4678,US 20080249039 A1,Luciferase_firefly,U47296,CUUACGCUGAGUACUUCGAUU,0,UCGAAGUACUCAGCGUAAGUU,locked nucleic acid,88.0
SM4720,US 8653252 B2,Luciferase_firefly,U47296,CUUACGCUGAGUACUUCGAUU,2-deoxy,UCGAAGUACUCAGCGUAAGUU,2-deoxy,95.0
SM4721,US 8653252 B2,Luciferase_firefly,U47296,CUUACGCUGAGUACUUCGAUU,2-deoxy,UCGAAGUACUCAGCGUAAGUU,locked nucleic acid,92.0
SM4722,US 8653252 B2,Luciferase_firefly,U47296,CUUACGCUGAGUACUUCGAUU,2-deoxy,UCGAAGUACUCAGCGUAAGUU,locked nucleic acid,55.0
SM4723,US 8653252 B2,Luciferase_firefly,U47296,CUUACGCUGAGUACUUCGAUU,locked nucleic acid,UCGAAGUACUCAGCGUAAGUU,2-deoxy,96.0
SM4724,US 8653252 B2,Luciferase_firefly,U47296,CUUACGCUGAGUACUUCGAUU,locked nucleic acid,UCGAAGUACUCAGCGUAAGUU,locked nucleic acid,92.0
SM4725,US 8653252 B2,Luciferase_firefly,U47296,CUUACGCUGAGUACUUCGAUU,locked nucleic acid,UCGAAGUACUCAGCGUAAGUU,locked nucleic acid,27.0
SM4731,US 8653252 B2,Luciferase_firefly,U47296,CUUACGCUGAGUACUUCGAUU,2-deoxy,UCGAAGUACUCAGCGUAAGUU,locked nucleic acid,15.0
SM4732,US 8653252 B2,Luciferase_renilla,AF025846,AUCUGAAGAAGGAGAAAAAUU,2-deoxy,UUUUUCUCCUUCUUCAGAUUU,2-deoxy,95.0
SM4733,US 8653252 B2,Luciferase_renilla,AF025846,AUCUGAAGAAGGAGAAAAAUU,2-deoxy,UUUUUCUCCUUCUUCAGAUUU,locked nucleic acid,93.0
SM4734,US 8653252 B2,Luciferase_renilla,AF025846,AUCUGAAGAAGGAGAAAAAUU,locked nucleic acid,UUUUUCUCCUUCUUCAGAUUU,locked nucleic acid,93.0
SM4735,US 8653252 B2,Luciferase_renilla,AF025846,AUCUGAAGAAGGAGAAAAAUU,locked nucleic acid,UUUUUCUCCUUCUUCAGAUUU,locked nucleic acid,95.0
SM4736,US 8653252 B2,Luciferase_renilla,AF025846,AUCUGAAGAAGGAGAAAAAUU,2-deoxy,UUUUUCUCCUUCUUCAGAUUU,locked nucleic acid,45.0
SM4737,US 8653252 B2,Luciferase_renilla,AF025846,AUCUGAAGAAGGAGAAAAAUU,locked nucleic acid,UUUUUCUCCUUCUUCAGAUUU,locked nucleic acid,63.0
SM4738,US 8653252 B2,Luciferase_renilla,AF025846,AUCUGAAGAAGGAGAAAAAUU,locked nucleic acid,UUUUUCUCCUUCUUCAGAUUU,locked nucleic acid,75.0
SM4739,US 8653252 B2,Luciferase_firefly,U47296,CUUACGCUGAGUACUUCGAUU,2-deoxy,UCGAAGUACUCAGCGUAAGUU,2-deoxy,96.0
SM4740,US 8653252 B2,Luciferase_firefly,U47296,CUUACGCUGAGUACUUCGAUU,2-deoxy,UCGAAGUACUCAGCGUAAGUU,locked nucleic acid,52.0
SM4741,US 8653252 B2,Luciferase_firefly,U47296,CUUACGCUGAGUACUUCGAUU,2-deoxy,UCGAAGUACUCAGCGUAAGUU,locked nucleic acid,93.0
SM4742,US 8653252 B2,NPY,NM_012614,UGAGAGAAAGCACAGAAAAUU,locked nucleic acid,UUUUCUGUGCUUUCUCUCAUU,2-deoxy,70.0
SM4743,US 8653252 B2,NPY,NM_012614,UGAGAGAAAGCACAGAAAAUU,locked nucleic acid,UGAGAGAAAGCACAGAAAAUU,2-deoxy,64.0
SM4744,US 8653252 B2,NPY,NM_012614,UGAGAGAAAGCACAGAAAAUU,2-deoxy,UUUUCUGUGCUUUCUCUCAUU,locked nucleic acid,34.0
SM4745,US 8653252 B2,NPY,NM_012614,UGAGAGAAAGCACAGAAAAUU,locked nucleic acid,UUUUCUGUGCUUUCUCUCAUU,locked nucleic acid,72.0
SM4815,21047800,APOB,NM_000384,GGACAUUCAGAACAAGAAAUU,unlocked nucleic acid,UUUCUUGUUCUGAAUGUCCUU,unlocked nucleic acid,75.0
SM4816,21047800,APOB,NM_000384,GGACAUUCAGAACAAGAAAUU,unlocked nucleic acid,UUUCUUGUUCUGAAUGUCCUU,unlocked nucleic acid,36.0
SM4817,21047800,APOB,NM_000384,GGACAUUCAGAACAAGAAAUU,unlocked nucleic acid,UUUCUUGUUCUGAAUGUCCUU,unlocked nucleic acid,0.0
SM4818,21047800,APOB,NM_000384,GGACAUUCAGAACAAGAAAUU,unlocked nucleic acid,UUUCUUGUUCUGAAUGUCCUU,unlocked nucleic acid,50.0
SM4819,21047800,APOB,NM_000384,GGACAUUCAGAACAAGAAAUU,unlocked nucleic acid,UUUCUUGUUCUGAAUGUCCUU,unlocked nucleic acid,37.0
SM4820,21047800,APOB,NM_000384,GGACAUUCAGAACAAGAAAUU,unlocked nucleic acid,UUUCUUGUUCUGAAUGUCCUU,unlocked nucleic acid,57.0
SM4821,21047800,APOB,NM_000384,GGACAUUCAGAACAAGAAAUU,unlocked nucleic acid,UUUCUUGUUCUGAAUGUCCUU,unlocked nucleic acid,78.0
SM4822,21047800,APOB,NM_000384,GGACAUUCAGAACAAGAAAUU,unlocked nucleic acid,UUUCUUGUUCUGAAUGUCCUU,unlocked nucleic acid,17.0
SM4825,21047800,APOB,NM_000384,ACAGAGUCCCUCAAACAGAUU,unlocked nucleic acid,UCUGUUUGAGGGACUCUGUUU,unlocked nucleic acid,94.0
SM4826,21047800,APOB,NM_000384,ACAGAGUCCCUCAAACAGAUU,unlocked nucleic acid,UCUGUUUGAGGGACUCUGUUU,unlocked nucleic acid,92.0
SM4827,21047800,APOB,NM_000384,ACAGAGUCCCUCAAACAGAUU,unlocked nucleic acid,UCUGUUUGAGGGACUCUGUUU,unlocked nucleic acid,91.0
SM4857,15919084,Luciferase_firefly,X65324,CGUACGCGGAAUACUUCGAUU,4-thioribose,UCGAAGUAUUCCGCGUACGUU,0,96.3
SM4858,15919084,Luciferase_firefly,X65324,CGUACGCGGAAUACUUCGAUU,4-thioribose,UCGAAGUAUUCCGCGUACGUU,0,93.6
SM4859,15919084,Luciferase_firefly,X65324,CGUACGCGGAAUACUUCGAUU,4-thioribose,UCGAAGUAUUCCGCGUACGUU,0,92.9
SM4860,15919084,Luciferase_firefly,X65324,CGUACGCGGAAUACUUCGAUU,4-thioribose,UCGAAGUAUUCCGCGUACGUU,0,60.3
SM4861,15919084,Luciferase_firefly,X65324,CGUACGCGGAAUACUUCGAUU,0,UCGAAGUAUUCCGCGUACGUU,4-thioribose,79.5
SM4862,15919084,Luciferase_firefly,X65324,CGUACGCGGAAUACUUCGAUU,0,UCGAAGUAUUCCGCGUACGUU,4-thioribose,68.5
SM4863,15919084,Luciferase_firefly,X65324,CGUACGCGGAAUACUUCGAUU,0,UCGAAGUAUUCCGCGUACGUU,4-thioribose,27.5
SM4864,15919084,Luciferase_firefly,X65324,CGUACGCGGAAUACUUCGAUU,0,UCGAAGUAUUCCGCGUACGUU,4-thioribose,16.6
SM4865,15919084,Luciferase_firefly,X65324,CGUACGCGGAAUACUUCGAUU,4-thioribose,UCGAAGUAUUCCGCGUACGUU,0,94.0
SM4866,15919084,Luciferase_firefly,X65324,CGUACGCGGAAUACUUCGAUU,4-thioribose,UCGAAGUAUUCCGCGUACGUU,0,93.8
SM4867,15919084,Luciferase_firefly,X65324,CGUACGCGGAAUACUUCGAUU,4-thioribose,UCGAAGUAUUCCGCGUACGUU,0,87.4
SM4868,15919084,Luciferase_firefly,X65324,CGUACGCGGAAUACUUCGAUU,4-thioribose,UCGAAGUAUUCCGCGUACGUU,0,91.5
SM4869,15919084,Luciferase_firefly,X65324,CGUACGCGGAAUACUUCGAUU,0,UCGAAGUAUUCCGCGUACGUU,4-thioribose,70.9
SM4870,15919084,Luciferase_firefly,X65324,CGUACGCGGAAUACUUCGAUU,0,UCGAAGUAUUCCGCGUACGUU,4-thioribose,72.2
SM4871,15919084,Luciferase_firefly,X65324,CGUACGCGGAAUACUUCGAUU,0,UCGAAGUAUUCCGCGUACGUU,4-thioribose,36.5
SM4872,15919084,Luciferase_firefly,X65324,CGUACGCGGAAUACUUCGAUU,0,UCGAAGUAUUCCGCGUACGUU,4-thioribose,22.8
SM4873,15919084,Luciferase_firefly,X65324,CGUACGCGGAAUACUUCGAUU,2-o-methyl,UCGAAGUAUUCCGCGUACGUU,0,94.8
SM4874,15919084,Luciferase_firefly,X65324,CGUACGCGGAAUACUUCGAUU,2-o-methyl,UCGAAGUAUUCCGCGUACGUU,0,94.2
SM4875,15919084,Luciferase_firefly,X65324,CGUACGCGGAAUACUUCGAUU,0,UCGAAGUAUUCCGCGUACGUU,2-o-methyl,10.3
SM4876,15919084,Luciferase_firefly,X65324,CGUACGCGGAAUACUUCGAUU,0,UCGAAGUAUUCCGCGUACGUU,2-o-methyl,30.8
SM4878,17150641,Luciferase_firefly,X65324,CGUACGCGGAAUACUUCGAUU,4-thioribose,UCGAAGUAUUCCGCGUACGUU,0,95.5
SM4879,17150641,Luciferase_firefly,X65324,CGUACGCGGAAUACUUCGAUU,4-thioribose,UCGAAGUAUUCCGCGUACGUU,0,94.2
SM4880,17150641,Luciferase_firefly,X65324,CGUACGCGGAAUACUUCGAUU,4-thioribose,UCGAAGUAUUCCGCGUACGUU,0,94.7
SM4881,17150641,Luciferase_firefly,X65324,CGUACGCGGAAUACUUCGAUU,0,UCGAAGUAUUCCGCGUACGUU,4-thioribose,90.2
SM4882,17150641,Luciferase_firefly,X65324,CGUACGCGGAAUACUUCGAUU,0,UCGAAGUAUUCCGCGUACGUU,4-thioribose,85.6
SM4883,17150641,Luciferase_firefly,X65324,CGUACGCGGAAUACUUCGAUU,4-thioribose,UCGAAGUAUUCCGCGUACGUU,4-thioribose,91.3
SM4884,17150641,Luciferase_firefly,X65324,CGUACGCGGAAUACUUCGAUU,4-thioribose,UCGAAGUAUUCCGCGUACGUU,4-thioribose,86.1
SM4886,17150641,Luciferase_renilla,AF025846,AAACAUGCAGAAAAUGCUGUU,4-thioribose,CAGCAUUUUCUGCAUGUUUUU,0,69.5
SM4887,17150641,Luciferase_renilla,AF025846,AAACAUGCAGAAAAUGCUGUU,4-thioribose,CAGCAUUUUCUGCAUGUUUUU,0,70.4
SM4888,17150641,Luciferase_renilla,AF025846,AAACAUGCAGAAAAUGCUGUU,4-thioribose,CAGCAUUUUCUGCAUGUUUUU,0,79.1
SM4889,17150641,Luciferase_renilla,AF025846,AAACAUGCAGAAAAUGCUGUU,0,CAGCAUUUUCUGCAUGUUUUU,4-thioribose,57.2
SM4890,17150641,Luciferase_renilla,AF025846,AAACAUGCAGAAAAUGCUGUU,0,CAGCAUUUUCUGCAUGUUUUU,4-thioribose,52.7
SM4891,17150641,Luciferase_renilla,AF025846,AAACAUGCAGAAAAUGCUGUU,4-thioribose,CAGCAUUUUCUGCAUGUUUUU,4-thioribose,72.4
SM4892,17150641,Luciferase_renilla,AF025846,AAACAUGCAGAAAAUGCUGUU,4-thioribose,CAGCAUUUUCUGCAUGUUUUU,4-thioribose,80.7
SM4894,17924376,Luciferase_firefly,X65324,CGUACGCGGAAUACUUCGAUU,4-thioribose,UCGAAGUAUUCCGCGUACGUU,0,93.8
SM4895,17924376,Luciferase_firefly,X65324,CGUACGCGGAAUACUUCGAUU,4-thioribose,UCGAAGUAUUCCGCGUACGUU,0,94.3
SM4896,17924376,Luciferase_firefly,X65324,CGUACGCGGAAUACUUCGAUU,4-thioribose,UCGAAGUAUUCCGCGUACGUU,0,95.4
SM4897,17924376,Luciferase_firefly,X65324,CGUACGCGGAAUACUUCGAUU,4-thioribose,UCGAAGUAUUCCGCGUACGUU,0,94.0
SM4898,17924376,Luciferase_firefly,X65324,CGUACGCGGAAUACUUCGAUU,4-thioribose,UCGAAGUAUUCCGCGUACGUU,0,94.2
SM4899,17924376,Luciferase_firefly,X65324,CGUACGCGGAAUACUUCGAUU,4-thioribose,UCGAAGUAUUCCGCGUACGUU,0,95.5
SM4900,17924376,Luciferase_firefly,X65324,CGUACGCGGAAUACUUCGAUU,4-thioribose,UCGAAGUAUUCCGCGUACGUU,0,91.5
SM4901,17924376,Luciferase_firefly,X65324,CGUACGCGGAAUACUUCGAUU,4-thioribose,UCGAAGUAUUCCGCGUACGUU,0,94.7
SM4902,17924376,Luciferase_firefly,X65324,CGUACGCGGAAUACUUCGAUU,4-thioribose,UCGAAGUAUUCCGCGUACGUU,0,95.3
SM4903,17924376,Luciferase_firefly,X65324,CGUACGCGGAAUACUUCGAUU,0,UCGAAGUAUUCCGCGUACGUU,4-thioribose,70.9
SM4904,17924376,Luciferase_firefly,X65324,CGUACGCGGAAUACUUCGAUU,0,UCGAAGUAUUCCGCGUACGUU,4-thioribose,76.7
SM4905,17924376,Luciferase_firefly,X65324,CGUACGCGGAAUACUUCGAUU,0,UCGAAGUAUUCCGCGUACGUU,4-thioribose,95.0
SM4906,17924376,Luciferase_firefly,X65324,CGUACGCGGAAUACUUCGAUU,0,UCGAAGUAUUCCGCGUACGUU,4-thioribose,72.2
SM4907,17924376,Luciferase_firefly,X65324,CGUACGCGGAAUACUUCGAUU,0,UCGAAGUAUUCCGCGUACGUU,4-thioribose,85.6
SM4908,17924376,Luciferase_firefly,X65324,CGUACGCGGAAUACUUCGAUU,0,UCGAAGUAUUCCGCGUACGUU,4-thioribose,90.2
SM4909,17924376,Luciferase_firefly,X65324,CGUACGCGGAAUACUUCGAUU,0,UCGAAGUAUUCCGCGUACGUU,4-thioribose,22.8
SM4910,17924376,Luciferase_firefly,X65324,CGUACGCGGAAUACUUCGAUU,0,UCGAAGUAUUCCGCGUACGUU,4-thioribose,20.0
SM4911,17924376,Luciferase_firefly,X65324,CGUACGCGGAAUACUUCGAUU,0,UCGAAGUAUUCCGCGUACGUU,4-thioribose,88.8
SM4913,17924376,Luciferase_firefly,X65324,CGUACGCGGAAUACUUCGAUU,4-thioribose,UCGAAGUAUUCCGCGUACGUU,4-thioribose,10.9
SM4914,17924376,Luciferase_firefly,X65324,CGUACGCGGAAUACUUCGAUU,4-thioribose,UCGAAGUAUUCCGCGUACGUU,4-thioribose,35.1
SM4915,17924376,Luciferase_firefly,X65324,CGUACGCGGAAUACUUCGAUU,4-thioribose,UCGAAGUAUUCCGCGUACGUU,4-thioribose,91.2
SM4916,17924376,Luciferase_firefly,X65324,CGUACGCGGAAUACUUCGAUU,4-thioribose,UCGAAGUAUUCCGCGUACGUU,4-thioribose,47.8
SM4917,17924376,Luciferase_firefly,X65324,CGUACGCGGAAUACUUCGAUU,4-thioribose,UCGAAGUAUUCCGCGUACGUU,4-thioribose,86.1
SM4918,17924376,Luciferase_firefly,X65324,CGUACGCGGAAUACUUCGAUU,4-thioribose,UCGAAGUAUUCCGCGUACGUU,4-thioribose,91.3
SM4919,17924376,Luciferase_firefly,X65324,CGUACGCGGAAUACUUCGAUU,4-thioribose,UCGAAGUAUUCCGCGUACGUU,4-thioribose,0.0
SM4920,17924376,Luciferase_firefly,X65324,CGUACGCGGAAUACUUCGAUU,4-thioribose,UCGAAGUAUUCCGCGUACGUU,4-thioribose,0.0
SM4921,17924376,Luciferase_firefly,X65324,CGUACGCGGAAUACUUCGAUU,4-thioribose,UCGAAGUAUUCCGCGUACGUU,4-thioribose,85.3
SM4922,17924376,Luciferase_firefly,X65324,CGUACGCGGAAUACUUCGAUU,4-thioribose,UCGAAGUAUUCCGCGUACGUU,4-thioribose,92.1
SM4923,17924376,Luciferase_firefly,X65324,CGUACGCGGAAUACUUCGAUU,4-thioribose,UCGAAGUAUUCCGCGUACGUU,4-thioribose,92.0
SM4924,17924376,Luciferase_firefly,X65324,CGUACGCGGAAUACUUCGAUU,4-thioribose,GCGAAGUAUUCCGCGUACGUU,4-thioribose,74.2
SM4925,17924376,Luciferase_firefly,X65324,CGUACGCGGAAUACUUCGAUU,4-thioribose,UCGAAGUAUUCCGCGUACGUU,4-thioribose,83.4
SM4926,17924376,Luciferase_firefly,X65324,CGUACGCGGAAUACUUCGAUU,4-thioribose,UCGAAGUAUUCCGCGUACGUU,4-thioribose,88.1
SM4927,17924376,Luciferase_firefly,X65324,CGUACGCGGAAUACUUCGAUU,4-thioribose,UCGAAGUAUUCCGCGUACGUU,4-thioribose,44.4
SM4928,17924376,Luciferase_firefly,X65324,CGUACGCGGAAUACUUCGAUU,4-thioribose,UCGAAGUAUUCCGCGUACGUU,4-thioribose,90.4
SM4929,17924376,Luciferase_firefly,X65324,CGUACGCGGAAUACUUCGAUU,4-thioribose,UCGAAGUAUUCCGCGUACGUU,4-thioribose,85.4
SM4930,17924376,Luciferase_firefly,X65324,CGUACGCGGAAUACUUCGAUU,4-thioribose,UCGAAGUAUUCCGCGUACGUU,4-thioribose,87.7
SM4931,17924376,Luciferase_firefly,X65324,CGUACGCGGAAUACUUCGAUU,4-thioribose,UCGAAGUAUUCCGCGUACGUU,4-thioribose,28.6
SM4933,17924376,Luciferase_renilla,AF025846,AAACAUGCAGAAAAUGCUGUU,4-thioribose,CAGCAUUUUCUGCAUGUUUUU,0,69.5
SM4934,17924376,Luciferase_renilla,AF025846,AAACAUGCAGAAAAUGCUGUU,4-thioribose,CAGCAUUUUCUGCAUGUUUUU,0,70.4
SM4935,17924376,Luciferase_renilla,AF025846,AAACAUGCAGAAAAUGCUGUU,4-thioribose,CAGCAUUUUCUGCAUGUUUUU,0,79.1
SM4936,17924376,Luciferase_renilla,AF025846,AAACAUGCAGAAAAUGCUGUU,4-thioribose,CAGCAUUUUCUGCAUGUUUUU,0,75.4
SM4937,17924376,Luciferase_renilla,AF025846,AAACAUGCAGAAAAUGCUGUU,0,CAGCAUUUUCUGCAUGUUUUU,4-thioribose,57.2
SM4938,17924376,Luciferase_renilla,AF025846,AAACAUGCAGAAAAUGCUGUU,0,CAGCAUUUUCUGCAUGUUUUU,4-thioribose,52.7
SM4939,17924376,Luciferase_renilla,AF025846,AAACAUGCAGAAAAUGCUGUU,0,CAGCAUUUUCUGCAUGUUUUU,4-thioribose,42.5
SM4940,17924376,Luciferase_renilla,AF025846,AAACAUGCAGAAAAUGCUGUU,4-thioribose,CAGCAUUUUCUGCAUGUUUUU,4-thioribose,72.4
SM4941,17924376,Luciferase_renilla,AF025846,AAACAUGCAGAAAAUGCUGUU,4-thioribose,CAGCAUUUUCUGCAUGUUUUU,4-thioribose,76.5
SM4942,17924376,Luciferase_renilla,AF025846,AAACAUGCAGAAAAUGCUGUU,4-thioribose,CAGCAUUUUCUGCAUGUUUUU,4-thioribose,85.5
SM4943,17924376,Luciferase_renilla,AF025846,AAACAUGCAGAAAAUGCUGUU,4-thioribose,CAGCAUUUUCUGCAUGUUUUU,0,87.0
SM4944,17924376,Luciferase_renilla,AF025846,AAACAUGCAGAAAAUGCUGUU,4-thioribose,CAGCAUUUUCUGCAUGUUUUU,4-thioribose,70.9
SM4945,17924376,Luciferase_renilla,AF025846,AAACAUGCAGAAAAUGCUGUU,4-thioribose,CAGCAUUUUCUGCAUGUUUUU,4-thioribose,80.7
SM4946,17924376,Luciferase_renilla,AF025846,AAACAUGCAGAAAAUGCUGUU,4-thioribose,CAGCAUUUUCUGCAUGUUUUU,4-thioribose,91.0
SM4947,17924376,Luciferase_renilla,AF025846,AAACAUGCAGAAAAUGCUGUU,4-thioribose,CAGCAUUUUCUGCAUGUUUUU,4-thioribose,84.4
SM4948,17924376,Luciferase_renilla,AF025846,AAACAUGCAGAAAAUGCUGUU,4-thioribose,CAGCAUUUUCUGCAUGUUUUU,4-thioribose,44.8
SM4949,17924376,Luciferase_renilla,AF025846,AAACAUGCAGAAAAUGCUGUU,4-thioribose,CAGCAUUUUCUGCAUGUUUUU,4-thioribose,60.2
SM4950,17924376,Luciferase_renilla,AF025846,AAACAUGCAGAAAAUGCUGUU,4-thioribose,CAGCAUUUUCUGCAUGUUUUU,4-thioribose,66.3
SM4952,17924376,Luciferase_renilla,AF025846,AAACAUGCAGAAAAUGCUG,4-thioribose,CAGCAUUUUCUGCAUGUUUUU,4-thioribose,87.7
SM4953,17924376,Luciferase_renilla,AF025846,AAACAUGCAGAAAAUGCUG,4-thioribose,CAGCAUUUUCUGCAUGUUUUU,4-thioribose,87.3
SM4954,17924376,Luciferase_renilla,AF025846,AAACAUGCAGAAAAUGCUG,4-thioribose,CAGCAUUUUCUGCAUGUUUUU,4-thioribose,80.8
