Sequence,Gene,Accession_number,Reporter_Remaining_Pct,SD_Pct
UUCAAUAUGCUAAAGAAGUA,APP,NM_000484,19.2,5.7
GUCCAAGUGUGGCUCAAAGG,MAPT,NM_005910,61.9,8.5
GGUCCUAAGCCCACAAUCAU,MAPT,NM_005910,6.6,2.7
UGAUCGGGCCCGAAAACGAA,BACE1,NM_012104,26.9,8.1
UUUUGAAAGGCUUUCCUCAG,MAPT,NM_005910,12.5,2.0
CUUUGUGAUUCCCUACCGCU,APP,NM_000484,51.6,6.5
CAUUGAGACUUCAAGCUUUU,APP,NM_000484,10.2,2.6
UAGUGCAUGAAUAGAUUCUC,APP,NM_000484,4.8,0.6
GUGGGAGUUCAGCUGCUUCU,APP,NM_000484,10.7,1.7
GUCACCUUAAAGGAGAUCAA,SNCA,NM_000345,11.2,3.2
UGCUGCCAUGAUUUUGGCCA,MAPT,NM_005910,50.3,6.6
AGCCUCUGAAGUUGGACAGC,APP,NM_000484,45.9,9.9
AUGGUUUCUGGCUAGGAGAG,BACE1,NM_012104,99.2,1.3
AUGAUCGCUUUCUACACUGU,APP,NM_000484,12.2,1.9
ACUUUCAGAACUGCUACCAU,BACE1,NM_012104,19.7,2.5
AUGGGUGCUGAAAAUAAACU,SNCA,NM_000345,29.2,3.2
AAGCAGCAUAUUUUAAAAAU,SNCA,NM_000345,72.2,6.8
CAAGUGACAAAUGUUGGAGG,SNCA,NM_000345,47.1,5.1
CAAAGUCCAGGCACAAGAGU,MAPT,NM_005910,90.6,5.3
AUUCUCCAAAACAAUUUUCU,APP,NM_000484,32.2,7.3
