Sequence,Gene,Accession_number,Pct_Inhibition,Source_Paper
CCCUGACAAGCCACCUGAGGA,HIF1A,NM_001530,33.0,Sciabola2013
GCCCGCUUCUCUCUAGUCUCA,HIF1A,NM_001530,68.0,Sciabola2013
CCCCACCUCUGGACUUGCCUU,HIF1A,NM_001530,56.0,Sciabola2013
AAGAUAAGUUCUGAACGUCGA,HIF1A,NM_001530,91.0,Sciabola2013
AAGUUCUGAACGUCGAAAAGA,HIF1A,NM_001530,73.0,Sciabola2013
AAAGAAAAGUCUCGAGAUGCA,HIF1A,NM_001530,85.0,Sciabola2013
UCAGUUGCCACUUCCACAUAA,HIF1A,NM_001530,89.0,Sciabola2013
AUGUGAGUUCGCAUCUUGAUA,HIF1A,NM_001530,84.0,Sciabola2013
AUGACAUGAAAGCACAGAUGA,HIF1A,NM_001530,69.0,Sciabola2013
GCUUUUAUUUGAAAGCCUUGG,HIF1A,NM_001530,14.0,Sciabola2013
AUGGUGACAUGAUUUACAUUU,HIF1A,NM_001530,75.0,Sciabola2013
AUGAUUUACAUUUCUGAUAAU,HIF1A,NM_001530,85.0,Sciabola2013
AUGGGAUUAACUCAGUUUGAA,HIF1A,NM_001530,90.0,Sciabola2013
UCAGUUUGAACUAACUGGACA,HIF1A,NM_001530,86.0,Sciabola2013
CUAACUGGACACAGUGUGUUU,HIF1A,NM_001530,77.0,Sciabola2013
CAGUGUGUUUGAUUUUACUCA,HIF1A,NM_001530,89.0,Sciabola2013
AAUGAGAGAAAUGCUUACACA,HIF1A,NM_001530,82.0,Sciabola2013
UCAGAAUGAAGUGUACCCUAA,HIF1A,NM_001530,77.0,Sciabola2013
CAGAAUGAAGUGUACCCUAAC,HIF1A,NM_001530,82.0,Sciabola2013
AUGAACAUAAAGUCUGCAACA,HIF1A,NM_001530,55.0,Sciabola2013
CUGCUUGGUGCUGAUUUGUGA,HIF1A,NM_001530,89.0,Sciabola2013
GUGCUGAUUUGUGAACCCAUU,HIF1A,NM_001530,90.0,Sciabola2013
CCAUUCCUCACCCAUCAAAUA,HIF1A,NM_001530,90.0,Sciabola2013
CUCACCCAUCAAAUAUUGAAA,HIF1A,NM_001530,63.0,Sciabola2013
UGAAAUUCCUUUAGAUAGCAA,HIF1A,NM_001530,39.0,Sciabola2013
UUCCUUUAGAUAGCAAGACUU,HIF1A,NM_001530,92.0,Sciabola2013
CAAGACUUUCCUCAGUCGACA,HIF1A,NM_001530,89.0,Sciabola2013
UGUGAUGAAAGAAUUACCGAA,HIF1A,NM_001530,91.0,Sciabola2013
UACCGAAUUGAUGGGAUAUGA,HIF1A,NM_001530,84.0,Sciabola2013
AAGAACUUUUAGGCCGCUCAA,HIF1A,NM_001530,23.0,Sciabola2013
GCCGCUCAAUUUAUGAAUAUU,HIF1A,NM_001530,87.0,Sciabola2013
GACUCUGAUCAUCUGACCAAA,HIF1A,NM_001530,85.0,Sciabola2013
CUGACCAAAACUCAUCAUGAU,HIF1A,NM_001530,91.0,Sciabola2013
AAACUCAUCAUGAUAUGUUUA,HIF1A,NM_001530,63.0,Sciabola2013
CAUCAUGAUAUGUUUACUAAA,HIF1A,NM_001530,89.0,Sciabola2013
ACAAGUCACCACAGGACAGUA,HIF1A,NM_001530,58.0,Sciabola2013
ACAGUACAGGAUGCUUGCCAA,HIF1A,NM_001530,88.0,Sciabola2013
CAGUACAGGAUGCUUGCCAAA,HIF1A,NM_001530,89.0,Sciabola2013
GAUGCUUGCCAAAAGAGGUGG,HIF1A,NM_001530,17.0,Sciabola2013
CUUGCCAAAAGAGGUGGAUAU,HIF1A,NM_001530,87.0,Sciabola2013
UAUGUCUGGGUUGAAACUCAA,HIF1A,NM_001530,80.0,Sciabola2013
CUCAACCACAGUGCAUUGUAU,HIF1A,NM_001530,86.0,Sciabola2013
UACGUUGUGAGUGGUAUUAUU,HIF1A,NM_001530,90.0,Sciabola2013
UGGUAUUAUUCAGCACGACUU,HIF1A,NM_001530,83.0,Sciabola2013
CACGACUUGAUUUUCUCCCUU,HIF1A,NM_001530,87.0,Sciabola2013
UUGAUUUUCUCCCUUCAACAA,HIF1A,NM_001530,85.0,Sciabola2013
AACAAACAGAAUGUGUCCUUA,HIF1A,NM_001530,90.0,Sciabola2013
AAACCGGUUGAAUCUUCAGAU,HIF1A,NM_001530,80.0,Sciabola2013
AACCGGUUGAAUCUUCAGAUA,HIF1A,NM_001530,90.0,Sciabola2013
UUGAAUCUUCAGAUAUGAAAA,HIF1A,NM_001530,90.0,Sciabola2013
UUCAGAUAUGAAAAUGACUCA,HIF1A,NM_001530,53.0,Sciabola2013
UAUGAAAAUGACUCAGCUAUU,HIF1A,NM_001530,81.0,Sciabola2013
UCAGCUAUUCACCAAAGUUGA,HIF1A,NM_001530,84.0,Sciabola2013
CAGCUAUUCACCAAAGUUGAA,HIF1A,NM_001530,84.0,Sciabola2013
AUUCACCAAAGUUGAAUCAGA,HIF1A,NM_001530,89.0,Sciabola2013
UUGAAUCAGAAGAUACAAGUA,HIF1A,NM_001530,81.0,Sciabola2013
UAGCCUCUUUGACAAACUUAA,HIF1A,NM_001530,89.0,Sciabola2013
CUUUGCUGGCCCCAGCCGCUG,HIF1A,NM_001530,31.0,Sciabola2013
CAGCAACGACACAGAAACUGA,HIF1A,NM_001530,88.0,Sciabola2013
GCAAUGUCUCCAUUACCCACC,HIF1A,NM_001530,28.0,Sciabola2013
CCUGCACUCAAUCAAGAAGUU,HIF1A,NM_001530,81.0,Sciabola2013
CUCAAUCAAGAAGUUGCAUUA,HIF1A,NM_001530,90.0,Sciabola2013
AGGAUCAGACACCUAGUCCUU,HIF1A,NM_001530,84.0,Sciabola2013
CACCUAGUCCUUCCGAUGGAA,HIF1A,NM_001530,40.0,Sciabola2013
GUCCUUCCGAUGGAAGCACUA,HIF1A,NM_001530,52.0,Sciabola2013
UCCGAUGGAAGCACUAGACAA,HIF1A,NM_001530,89.0,Sciabola2013
GGAAGCACUAGACAAAGUUCA,HIF1A,NM_001530,89.0,Sciabola2013
GAGCCUAAUAGUCCCAGUGAA,HIF1A,NM_001530,89.0,Sciabola2013
AUAGUCCCAGUGAAUAUUGUU,HIF1A,NM_001530,81.0,Sciabola2013
GUGGAUAGUGAUAUGGUCAAU,HIF1A,NM_001530,86.0,Sciabola2013
UAUGGUCAAUGAAUUCAAGUU,HIF1A,NM_001530,87.0,Sciabola2013
UGCUGAAGACACAGAAGCAAA,HIF1A,NM_001530,83.0,Sciabola2013
ACCCAUUUUCUACUCAGGACA,HIF1A,NM_001530,92.0,Sciabola2013
UCUACUCAGGACACAGAUUUA,HIF1A,NM_001530,80.0,Sciabola2013
CAGGACACAGAUUUAGACUUG,HIF1A,NM_001530,87.0,Sciabola2013
CACAGAUUUAGACUUGGAGAU,HIF1A,NM_001530,89.0,Sciabola2013
CCCAAUGGAUGAUGACUUCCA,HIF1A,NM_001530,88.0,Sciabola2013
AUGGAUGAUGACUUCCAGUUA,HIF1A,NM_001530,91.0,Sciabola2013
CAAGUCCUCAAAGCACAGUUA,HIF1A,NM_001530,91.0,Sciabola2013
UUCCAGCAGACUCAAAUACAA,HIF1A,NM_001530,91.0,Sciabola2013
UGCCACCACUGAUGAAUUAAA,HIF1A,NM_001530,93.0,Sciabola2013
AACAGUGACAAAAGACCGUAU,HIF1A,NM_001530,84.0,Sciabola2013
AAGUCGGACAGCCUCACCAAA,HIF1A,NM_001530,60.0,Sciabola2013
AGGAGUCAUAGAACAGACAGA,HIF1A,NM_001530,92.0,Sciabola2013
UAUCUGUCGCUUUGAGUCAAA,HIF1A,NM_001530,75.0,Sciabola2013
UCGCUUUGAGUCAAAGAACUA,HIF1A,NM_001530,89.0,Sciabola2013
UUGAGUCAAAGAACUACAGUU,HIF1A,NM_001530,92.0,Sciabola2013
AAGAACUACAGUUCCUGAGGA,HIF1A,NM_001530,90.0,Sciabola2013
CAGUUCCUGAGGAAGAACUAA,HIF1A,NM_001530,89.0,Sciabola2013
AGGAAGAACUAAAUCCAAAGA,HIF1A,NM_001530,58.0,Sciabola2013
AAAGAUACUAGCUUUGCAGAA,HIF1A,NM_001530,83.0,Sciabola2013
AAGAUACUAGCUUUGCAGAAU,HIF1A,NM_001530,88.0,Sciabola2013
UUUGCAGAAUGCUCAGAGAAA,HIF1A,NM_001530,85.0,Sciabola2013
AGAAUGCUCAGAGAAAGCGAA,HIF1A,NM_001530,93.0,Sciabola2013
AUGGAACAUGAUGGUUCACUU,HIF1A,NM_001530,92.0,Sciabola2013
AUGCAAAUCUAGUGAACAGAA,HIF1A,NM_001530,87.0,Sciabola2013
AUGGAAUGGAGCAAAAGACAA,HIF1A,NM_001530,87.0,Sciabola2013
CUGACCAGUUAUGAUUGUGAA,HIF1A,NM_001530,90.0,Sciabola2013
GAAGUUAAUGCUCCUAUACAA,HIF1A,NM_001530,90.0,Sciabola2013
CUCCUAUACAAGGCAGCAGAA,HIF1A,NM_001530,38.0,Sciabola2013
UGUGAACAUGGAAUGGGGGGC,HK2,NM_000189,51.0,Sciabola2013
AAGGAGGUGUGCACUGUGGUG,HK2,NM_000189,83.0,Sciabola2013
GAGCACCUGUGACGACAGCAU,HK2,NM_000189,89.0,Sciabola2013
CCGUAACAUUCUCAUCGAUUU,HK2,NM_000189,88.0,Sciabola2013
CUACUUCUUCACGGAGCUCAA,HK2,NM_000189,63.0,Sciabola2013
UAAGGAGGUGUGCACUGUGGU,HK2,NM_000189,81.0,Sciabola2013
CGGGUCCUGCUGGUCCGUGUU,HK2,NM_000189,69.0,Sciabola2013
CCUGGCUAACUUCAUGGAUAA,HK2,NM_000189,92.0,Sciabola2013
CGGAGAGUUCCUGGCUCUGGA,HK2,NM_000189,84.0,Sciabola2013
CAAGAUCUACGCCAUCCCGCA,HK2,NM_000189,72.0,Sciabola2013
CCCCAUUUUGCCAAGCGUCUA,HK2,NM_000189,77.0,Sciabola2013
CAUCAUUGUUAAGGAGGUGUG,HK2,NM_000189,71.0,Sciabola2013
UGCCGAAUGCCUGGCUAACUU,HK2,NM_000189,88.0,Sciabola2013
AGUGCAGAAGGUUGACCAGUA,HK2,NM_000189,75.0,Sciabola2013
CUCUUCCGAGGCCGCAUCUCA,HK2,NM_000189,85.0,Sciabola2013
AGGGCUUGAGAGCACCUGUGA,HK2,NM_000189,82.0,Sciabola2013
AGGGCUUGGAGCCACCACUCA,HK2,NM_000189,54.0,Sciabola2013
CACCUGUGACGACAGCAUCAU,HK2,NM_000189,86.0,Sciabola2013
GCACAACAAGAUCUACGCCAU,HK2,NM_000189,80.0,Sciabola2013
ACCACUCACCCUACUGCAGCA,HK2,NM_000189,76.0,Sciabola2013
CAAGAGGAGGAUGAAGGUAGA,HK2,NM_000189,84.0,Sciabola2013
UGACCAGUAUCUCUACCACAU,HK2,NM_000189,74.0,Sciabola2013
CAUCGCGGACUUCCUCGAGUA,HK2,NM_000189,81.0,Sciabola2013
UUGUUAAGGAGGUGUGCACUG,HK2,NM_000189,56.0,Sciabola2013
CCUGUGGUUAUGAUGACCACA,HK2,NM_000189,5.0,Sciabola2013
ACCAAGGGAUUCAAGUCCAGU,HK2,NM_000189,26.0,Sciabola2013
ACCGUGCCCGCCAGAAGACAU,HK2,NM_000189,73.0,Sciabola2013
CUACAUCCUCACUUUGCCAAA,HK2,NM_000189,85.0,Sciabola2013
GAGAUGGAGAAAGGGCUUGGA,HK2,NM_000189,69.0,Sciabola2013
UGGACAAAAGGCUUCAAGGCA,HK2,NM_000189,76.0,Sciabola2013
GAACCCGGGAAAGCAACUGUU,HK2,NM_000189,77.0,Sciabola2013
UGGGACAGAACACGGAGAGUU,HK2,NM_000189,82.0,Sciabola2013
GGAGUGGAAGGCAGAGACGUU,HK2,NM_000189,76.0,Sciabola2013
AUUGUUAAGGAGGUGUGCACU,HK2,NM_000189,77.0,Sciabola2013
UUGCCAAGCGUCUACAUAAGA,HK2,NM_000189,52.0,Sciabola2013
AGUCAUGCAUGAGACAGUGAA,HK2,NM_000189,90.0,Sciabola2013
AACUGUGAGAUUGGUCUCAUU,HK2,NM_000189,75.0,Sciabola2013
CAGACUAAACUAGACGAGAGU,HK2,NM_000189,79.0,Sciabola2013
CACUGUGAAGUUGGCCUCAUU,HK2,NM_000189,89.0,Sciabola2013
GAGGACAUCAUGCGAGGCAGU,HK2,NM_000189,55.0,Sciabola2013
UCCGAGGAUGGCAGUGGCAAA,HK2,NM_000189,62.0,Sciabola2013
UACAAGCUACAUCCUCACUUU,HK2,NM_000189,89.0,Sciabola2013
UGACGACAGCAUCAUUGUUAA,HK2,NM_000189,88.0,Sciabola2013
CCACCGGCGAGAGGAGUUUGA,HK2,NM_000189,88.0,Sciabola2013
UCUCAGAGCGGCUCAAGACAA,HK2,NM_000189,86.0,Sciabola2013
AUCCUCACUUUGCCAAAGUCA,HK2,NM_000189,83.0,Sciabola2013
UUCCCCUGCCACCAGACUAAA,HK2,NM_000189,39.0,Sciabola2013
ACGGAGCUCAACCAUGACCAA,HK2,NM_000189,67.0,Sciabola2013
AUGGAUAAGCUACAAAUCAAA,HK2,NM_000189,96.0,Sciabola2013
GAAGACCCUCACUGUGAAGUU,HK2,NM_000189,86.0,Sciabola2013
GCCAAAGUCAUGCAUGAGACA,HK2,NM_000189,84.0,Sciabola2013
AGGGGCAUCUUUGAAACCAAG,HK2,NM_000189,88.0,Sciabola2013
AAAGACAUCUCAGACAUUGAA,HK2,NM_000189,75.0,Sciabola2013
AGUAUCUCUACCACAUGCGCC,HK2,NM_000189,54.0,Sciabola2013
AGAGGGGCGGAUGUGUGUGAA,HK2,NM_000189,72.0,Sciabola2013
GCACCUGUGACGACAGCAUCA,HK2,NM_000189,85.0,Sciabola2013
GGGGACUUUGAUAUCGACAUU,HK2,NM_000189,87.0,Sciabola2013
ACCUGUGACGACAGCAUCAUU,HK2,NM_000189,84.0,Sciabola2013
AUCCUCCUCAAGUGGACAAAA,HK2,NM_000189,70.0,Sciabola2013
CCGCAUCUCAGAGCGGCUCAA,HK2,NM_000189,78.0,Sciabola2013
GGAGAUGCACAACAAGAUCUA,HK2,NM_000189,72.0,Sciabola2013
AGGGGCGGAUGUGUAUCAAUA,HK2,NM_000189,81.0,Sciabola2013
AAGGUUGACCAGUAUCUCUAC,HK2,NM_000189,85.0,Sciabola2013
UGGCACCCAGCUGUUUGACCA,HK2,NM_000189,70.0,Sciabola2013
CAUCGACAUGGUGGAAGGCGA,HK2,NM_000189,80.0,Sciabola2013
ACCUUUGUGAGGUCCACUCCA,HK2,NM_000189,59.0,Sciabola2013
AACGACAUUCGCACUGAGUUU,HK2,NM_000189,79.0,Sciabola2013
AAGGAAGCGAUCCACCGGCGA,HK2,NM_000189,83.0,Sciabola2013
CAGCGCAUCAAGGAGAACAAA,HK2,NM_000189,80.0,Sciabola2013
CCGGGCUGAGAUUCUUCUCAA,HK2,NM_000189,74.0,Sciabola2013
UUCGGGGACAAUGGAUGCCUA,HK2,NM_000189,86.0,Sciabola2013
UUGAGAGCACCUGUGACGACA,HK2,NM_000189,85.0,Sciabola2013
UGGAGUGGAGAUGCACAACAA,HK2,NM_000189,79.0,Sciabola2013
CGACGGUUCCGUCUACAAGAA,HK2,NM_000189,76.0,Sciabola2013
GAGAUGGAGAAUCAGAUCUAU,HK2,NM_000189,77.0,Sciabola2013
CAUUCUCAUCGAUUUCACCAA,HK2,NM_000189,77.0,Sciabola2013
ACGACACAGUCGGAACUAUGA,HK2,NM_000189,89.0,Sciabola2013
UGGGUGAGAUUGUCCGUAACA,HK2,NM_000189,94.0,Sciabola2013
AAUGGAGCGAGGUCUGAGCAA,HK2,NM_000189,49.0,Sciabola2013
CGAGAGUUUCCUGGUCUCAUG,HK2,NM_000189,55.0,Sciabola2013
UGUUAAGGAGGUGUGCACUGU,HK2,NM_000189,43.0,Sciabola2013
CUGCCACCAGACUAAACUAGA,HK2,NM_000189,82.0,Sciabola2013
CAAGUGGACAAAAGGCUUCAA,HK2,NM_000189,74.0,Sciabola2013
AUCGAUUUCACCAAGCGUGGA,HK2,NM_000189,88.0,Sciabola2013
UACCACAUGCGCCUCUCUGAU,HK2,NM_000189,72.0,Sciabola2013
ACCAAGUUCUUGUCUCAGAUU,HK2,NM_000189,87.0,Sciabola2013
CAGGAGAUUGACAUGGGCUCA,HK2,NM_000189,44.0,Sciabola2013
CUGUGGCUUUGAAGACCCUCA,HK2,NM_000189,85.0,Sciabola2013
GUGGCUGUGGAUGAGCUUUCA,HK2,NM_000189,94.0,Sciabola2013
UUGGGUGAAAGUAACGGACAA,HK2,NM_000189,61.0,Sciabola2013
GAUCUCUAAGCGGUUCCGCAA,HK2,NM_000189,53.0,Sciabola2013
GGGACCAACUUCCGUGUGCUU,HK2,NM_000189,65.0,Sciabola2013
ACCCAGCUGUUUGACCACAUU,HK2,NM_000189,78.0,Sciabola2013
UGUGGAUGAGCUUUCACUCAA,HK2,NM_000189,88.0,Sciabola2013
CUGGACGCUCUCAAAGUGACA,HK2,NM_000189,84.0,Sciabola2013
UUCCAAAUCUGUCCAACUCAA,HPSE,NM_006665,94.0,Sciabola2013
ACCUCAUGGAUUACUUUCCAA,HPSE,NM_006665,81.0,Sciabola2013
UGCCAGCUUUCUCAUAUAGUU,HPSE,NM_006665,95.0,Sciabola2013
CAACUCAAUGGUCUAACUCUA,HPSE,NM_006665,91.0,Sciabola2013
GAGAUUUAACUCUGUAUGCCA,HPSE,NM_006665,92.0,Sciabola2013
AAGGAGAUUUAACUCUGUAUG,HPSE,NM_006665,46.0,Sciabola2013
CAAGUGGAUAAAUACCUUCUA,HPSE,NM_006665,72.0,Sciabola2013
CAAGUACUUGCGGUUACCCUA,HPSE,NM_006665,94.0,Sciabola2013
AAAAUAAAAUAUACUAGUCCU,HPSE,NM_006665,33.0,Sciabola2013
CUGCUUGCAUCUGAAAAUAAA,HPSE,NM_006665,95.0,Sciabola2013
AGAGAAGGAAGCUUCGAGUAU,HPSE,NM_006665,87.0,Sciabola2013
GCCCUUGCUAUCCGACACCUU,HPSE,NM_006665,88.0,Sciabola2013
AAAGCUUCGUACCUUGGCCAG,HPSE,NM_006665,70.0,Sciabola2013
CAGAGGCUUGUCUCCUGCGUA,HPSE,NM_006665,97.0,Sciabola2013
AAACUUCGAUCCUUUACCUGA,HPSE,NM_006665,95.0,Sciabola2013
UUGCAGUGGAACAGUUCUAAU,HPSE,NM_006665,67.0,Sciabola2013
AGGAGAAGUUACGGUUGGAAU,HPSE,NM_006665,48.0,Sciabola2013
AAGAAAGACGGCUAAGAUGCU,HPSE,NM_006665,86.0,Sciabola2013
CUGCUCUUCCAAGGGGUAUAA,HPSE,NM_006665,87.0,Sciabola2013
UCCAAGGGGUAUAACAUUUCU,HPSE,NM_006665,52.0,Sciabola2013
CCAAGGGGUAUAACAUUUCUU,HPSE,NM_006665,39.0,Sciabola2013
GGGUAUAACAUUUCUUGGGAA,HPSE,NM_006665,89.0,Sciabola2013
AGGCAAUGAACCUAACAGUUU,HPSE,NM_006665,66.0,Sciabola2013
GGCAAUGAACCUAACAGUUUC,HPSE,NM_006665,76.0,Sciabola2013
AAGGCUGAUAUUUUCAUCAAU,HPSE,NM_006665,91.0,Sciabola2013
UCAUCAAUGGGUCGCAGUUAG,HPSE,NM_006665,42.0,Sciabola2013
AUCUCAAGUCAACCAGGAUAU,HPSE,NM_006665,73.0,Sciabola2013
CAAUCUCAAGUCAACCAGGAU,HPSE,NM_006665,48.0,Sciabola2013
UUACUGGCAAUCUCAAGUCAA,HPSE,NM_006665,89.0,Sciabola2013
AGAGAAGUUACUGGCAAUCUC,HPSE,NM_006665,93.0,Sciabola2013
UACUCCGAGAACACUACCAGA,HPSE,NM_006665,89.0,Sciabola2013
AUUGCUACUCCGAGAACACUA,HPSE,NM_006665,87.0,Sciabola2013
CAGGAGCAAUUGCUACUCCGA,HPSE,NM_006665,71.0,Sciabola2013
CUCAAGUCAACCAGGAUAUUU,HPSE,NM_006665,61.0,Sciabola2013
CCCGCGGUUCCUCAUCCUCCU,HPSE,NM_006665,84.0,Sciabola2013
UCGUUCCUGUCCGUCACCAUU,HPSE,NM_006665,94.0,Sciabola2013
UAAAAUAUACUAGUCCUGACA,HPSE,NM_006665,67.0,Sciabola2013
AAUAAAAUAUACUAGUCCUGA,HPSE,NM_006665,43.0,Sciabola2013
AUAAAAUAUACUAGUCCUGAC,HPSE,NM_006665,8.0,Sciabola2013
CUCGUUCCUGUCCGUCACCAU,HPSE,NM_006665,89.0,Sciabola2013
ACCAAGACAGACUUCCUAAUU,HPSE,NM_006665,79.0,Sciabola2013
CAAGACAGACUUCCUAAUUUU,HPSE,NM_006665,85.0,Sciabola2013
AAGACAGACUUCCUAAUUUUC,HPSE,NM_006665,42.0,Sciabola2013
CCCAAGAAGGAAUCAACCUUU,HPSE,NM_006665,58.0,Sciabola2013
CUCAUCCUCCUGGGUUCUCCA,HPSE,NM_006665,92.0,Sciabola2013
CCAGAGGCUUGUCUCCUGCGU,HPSE,NM_006665,85.0,Sciabola2013
CCUGAGGUUUGGUGGCACCAA,HPSE,NM_006665,51.0,Sciabola2013
CACCAAGACAGACUUCCUAAU,HPSE,NM_006665,84.0,Sciabola2013
AAGAGAGAAGUUACUGGCAAU,HPSE,NM_006665,93.0,Sciabola2013
GAGAGAAGUUACUGGCAAUCU,HPSE,NM_006665,51.0,Sciabola2013
GGAGCAGGAAACUACCAUUUA,HPSE,NM_006665,89.0,Sciabola2013
UGGUGAUGAGGCAAGUAUUCU,HPSE,NM_006665,93.0,Sciabola2013
AGUGGUGAUGAGGCAAGUAUU,HPSE,NM_006665,95.0,Sciabola2013
GAAGUGGUGAUGAGGCAAGUA,HPSE,NM_006665,88.0,Sciabola2013
UACCAUUUAGUGGAUGAAAAC,HPSE,NM_006665,93.0,Sciabola2013
ACUACCAUUUAGUGGAUGAAA,HPSE,NM_006665,63.0,Sciabola2013
AGGAAACUACCAUUUAGUGGA,HPSE,NM_006665,88.0,Sciabola2013
GAGCAGGAAACUACCAUUUAG,HPSE,NM_006665,87.0,Sciabola2013
GUGGAUGAAAACUUCGAUCCU,HPSE,NM_006665,87.0,Sciabola2013
UUAGUGGAUGAAAACUUCGAU,HPSE,NM_006665,88.0,Sciabola2013
AAAGAAGGAGAUUUAACUCUG,HPSE,NM_006665,90.0,Sciabola2013
AGAAGGAGAUUUAACUCUGUA,HPSE,NM_006665,61.0,Sciabola2013
AAGGUGUUAAUGGCAAGCGUG,HPSE,NM_006665,85.0,Sciabola2013
AGCGUGCAAGGUUCAAAGAGA,HPSE,NM_006665,55.0,Sciabola2013
GAGAAGGAAGCUUCGAGUAUA,HPSE,NM_006665,94.0,Sciabola2013
AACACUGACAAUCCAAGGUAU,HPSE,NM_006665,98.0,Sciabola2013
UGGAUGAAAACUUCGAUCCUU,HPSE,NM_006665,94.0,Sciabola2013
ACCUGAUUAUUGGCUAUCUCU,HPSE,NM_006665,92.0,Sciabola2013
UUGGCUAUCUCUUCUGUUCAA,HPSE,NM_006665,90.0,Sciabola2013
CACCAAGGUGUUAAUGGCAAG,HPSE,NM_006665,86.0,Sciabola2013
AGAAGGUCUGGUUAGGAGAAA,HPSE,NM_006665,58.0,Sciabola2013
CAAGAAGGUCUGGUUAGGAGA,HPSE,NM_006665,82.0,Sciabola2013
CCUGAUGUUGGUCAGCCUCGA,HPSE,NM_006665,56.0,Sciabola2013
AAACUCUAUGGUCCUGAUGUU,HPSE,NM_006665,86.0,Sciabola2013
AAAGACGGCUAAGAUGCUGAA,HPSE,NM_006665,84.0,Sciabola2013
AGCCUCGAAGAAAGACGGCUA,HPSE,NM_006665,87.0,Sciabola2013
GAAGAUUUUCUAAACCCUGAU,HPSE,NM_006665,72.0,Sciabola2013
UUCCUGAAGGCUGGUGGAGAA,HPSE,NM_006665,88.0,Sciabola2013
CCUGGCAAGAAGGUCUGGUUA,HPSE,NM_006665,33.0,Sciabola2013
GCCUGGCAAGAAGGUCUGGUU,HPSE,NM_006665,87.0,Sciabola2013
UUCAAGAACAGCACCUACUCA,HPSE,NM_006665,79.0,Sciabola2013
AAAGUUCAAGAACAGCACCUA,HPSE,NM_006665,57.0,Sciabola2013
AAUGGGAAUAGAAGUGGUGAU,HPSE,NM_006665,93.0,Sciabola2013
UGGGAAUAGAAGUGGUGAUGA,HPSE,NM_006665,89.0,Sciabola2013
CCCUUGCUAUCCGACACCUUU,HPSE,NM_006665,71.0,Sciabola2013
CGACACCUUUGCAGCUGGCUU,HPSE,NM_006665,77.0,Sciabola2013
AAGGUCUGGUUAGGAGAAACA,HPSE,NM_006665,75.0,Sciabola2013
GAGCGCCCUUGCUAUCCGACA,HPSE,NM_006665,90.0,Sciabola2013
UGGCUUUAUGUGGCUGGAUAA,HPSE,NM_006665,66.0,Sciabola2013
CUUUAUGUGGCUGGAUAAAUU,HPSE,NM_006665,50.0,Sciabola2013
GACACCUUUGCAGCUGGCUUU,HPSE,NM_006665,86.0,Sciabola2013
CUGGCUUUAUGUGGCUGGAUA,HPSE,NM_006665,87.0,Sciabola2013
CAAUGGGUCGCAGUUAGGAGA,HPSE,NM_006665,81.0,Sciabola2013
UGGGUCGCAGUUAGGAGAAGA,HPSE,NM_006665,89.0,Sciabola2013
GCCAGGAAGUUCACUGGGCUU,HPSE,NM_006665,93.0,Sciabola2013
GGACUUGAUCUUUGGCCUAAA,HPSE,NM_006665,84.0,Sciabola2013
UGGACUUGAUCUUUGGCCUAA,HPSE,NM_006665,63.0,Sciabola2013
AAGCUCUGUAGAUGUGCUAUA,HPSE,NM_006665,70.0,Sciabola2013
CUACUCAAGAAGCUCUGUAGA,HPSE,NM_006665,49.0,Sciabola2013
AGCACCUACUCAAGAAGCUCU,HPSE,NM_006665,85.0,Sciabola2013
AGAACAGCACCUACUCAAGAA,HPSE,NM_006665,65.0,Sciabola2013
CAAGAACAGCACCUACUCAAG,HPSE,NM_006665,58.0,Sciabola2013
UCAAGAACAGCACCUACUCAA,HPSE,NM_006665,84.0,Sciabola2013
AUCUUUGGCCUAAAUGCGUUA,HPSE,NM_006665,76.0,Sciabola2013
GACUUGAUCUUUGGCCUAAAU,HPSE,NM_006665,80.0,Sciabola2013
GGACCUGCAGGAGCUCAAU,Lamin A,NM_170707,45.0,Harborth2001
GAGGUGGUCAGCCGCGAGG,Lamin A,NM_170707,80.0,Harborth2001
CUGCUCUCAGUGAGAAGCG,Lamin A,NM_170707,88.0,Harborth2001
CUGGACUUCCAGAAGAACA,Lamin A,NM_170707,98.0,Harborth2001
AGCAGUAUAAGAAGGAGCU,Lamin A,NM_170707,84.0,Harborth2001
GCAGUAUAAGAAGGAGCUG,Lamin A,NM_170707,82.0,Harborth2001
CAGUAUAAGAAGGAGCUGG,Lamin A,NM_170707,95.0,Harborth2001
AGUAUAAGAAGGAGCUGGA,Lamin A,NM_170707,95.0,Harborth2001
GUAUAAGAAGGAGCUGGAG,Lamin A,NM_170707,96.0,Harborth2001
UAUAAGAAGGAGCUGGAGA,Lamin A,NM_170707,90.0,Harborth2001
AUAAGAAGGAGCUGGAGAA,Lamin A,NM_170707,96.0,Harborth2001
UAAGAAGGAGCUGGAGAAG,Lamin A,NM_170707,67.0,Harborth2001
AAGAAGGAGCUGGAGAAGA,Lamin A,NM_170707,87.0,Harborth2001
AGAAGGAGCUGGAGAAGAC,Lamin A,NM_170707,96.0,Harborth2001
GAAGGAGCUGGAGAAGACU,Lamin A,NM_170707,93.0,Harborth2001
AAGGAGCUGGAGAAGACUU,Lamin A,NM_170707,91.0,Harborth2001
AGGAGCUGGAGAAGACUUA,Lamin A,NM_170707,98.0,Harborth2001
GGAGCUGGAGAAGACUUAU,Lamin A,NM_170707,95.0,Harborth2001
GAGCUGGAGAAGACUUAUU,Lamin A,NM_170707,96.0,Harborth2001
AGCUGGAGAAGACUUAUUC,Lamin A,NM_170707,96.0,Harborth2001
GCUGGAGAAGACUUAUUCU,Lamin A,NM_170707,96.0,Harborth2001
CUGGAGAAGACUUAUUCUG,Lamin A,NM_170707,98.0,Harborth2001
UGGAGAAGACUUAUUCUGC,Lamin A,NM_170707,81.0,Harborth2001
GGAGAAGACUUAUUCUGCC,Lamin A,NM_170707,95.0,Harborth2001
GAGAAGACUUAUUCUGCCA,Lamin A,NM_170707,97.0,Harborth2001
GCUGGACAAUGCCAGGCAG,Lamin A,NM_170707,84.0,Harborth2001
UGCCAGGCAGUCUGCUGAG,Lamin A,NM_170707,81.0,Harborth2001
GCUUCGAGACCUGGAGGAC,Lamin A,NM_170707,96.0,Harborth2001
UGCAGCAGCAGCUGGACGA,Lamin A,NM_170707,92.0,Harborth2001
GCUGGCCCUGGACAUGGAG,Lamin A,NM_170707,79.0,Harborth2001
AGCGCAAACUGGAGUCCAC,Lamin A,NM_170707,98.0,Harborth2001
CAAGUCCAAUGAGGACCAG,Lamin A,NM_170707,79.0,Harborth2001
GGUGGUGACGAUCUGGGCU,Lamin A,NM_170707,92.0,Harborth2001
GGCACAGAACACCUGGGGC,Lamin A,NM_170707,86.0,Harborth2001
GCCUGCGUACGGCUCUCAU,Lamin A,NM_170707,97.0,Harborth2001
GAAGUGGCCAUGCGCAAGC,Lamin A,NM_170707,70.0,Harborth2001
GUGGCCAUGCGCAAGCUGG,Lamin A,NM_170707,74.0,Harborth2001
GGCAUCUGCCAGCGGCUCA,Lamin A,NM_170707,92.0,Harborth2001
UCUGGUCACCCGCUCCUAC,Lamin A,NM_170707,83.0,Harborth2001
CCCGCUCCUACCUCCUGGG,Lamin A,NM_170707,71.0,Harborth2001
GCCAAAGAAAAAUAACCCU,Lamin A,NM_170707,96.0,Harborth2001
UAACCCUUUGGUUUUUUUC,Lamin A,NM_170707,52.0,Harborth2001
GUUAUUUUCUACAGUGGUU,Lamin A,NM_170707,98.0,Harborth2001
