Compound_Name,Gene,Source_Gene_Label,Accession_number,Sense_21mer,Table_S3_Sequence,Table_S3_Strand,Pct_Inhibition_008nM,Pct_Inhibition_04nM,Pct_Inhibition_2nM,Pct_Inhibition_10nM
19p2_1,HIF1A,HIF1a,NM_001530.4,CCCUGACAAGCCACCUGAGGA,UCCUCAGGUGGCUUGUCAGGG,antisense,,4.0,-1.0,33.0
19p2_2,HIF1A,HIF1a,NM_001530.4,GCCCGCUUCUCUCUAGUCUCA,UGAGACUAGAGAGAAGCGGGC,antisense,,34.0,35.0,68.0
19p2_3,HIF1A,HIF1a,NM_001530.4,CCCCACCUCUGGACUUGCCUU,AAGGCAAGUCCAGAGGUGGGG,antisense,,40.0,14.0,56.0
19p2_4,HIF1A,HIF1a,NM_001530.4,AAGAUAAGUUCUGAACGUCGA,UCGACGUUCAGAACUUAUCUU,antisense,,83.0,84.0,91.0
19p2_5,HIF1A,HIF1a,NM_001530.4,AAGUUCUGAACGUCGAAAAGA,UCUUUUCGACGUUCAGAACUU,antisense,,37.0,19.0,73.0
19p2_6,HIF1A,HIF1a,NM_001530.4,AAAGAAAAGUCUCGAGAUGCA,UGCAUCUCGAGACUUUUCUUU,antisense,,65.0,68.0,85.0
19p2_7,HIF1A,HIF1a,NM_001530.4,UCAGUUGCCACUUCCACAUAA,UUAUGUGGAAGUGGCAACUGA,antisense,,77.0,79.0,89.0
19p2_8,HIF1A,HIF1a,NM_001530.4,AUGUGAGUUCGCAUCUUGAUA,UAUCAAGAUGCGAACUCACAU,antisense,,52.0,59.0,84.0
19p2_9,HIF1A,HIF1a,NM_001530.4,AUGACAUGAAAGCACAGAUGA,UCAUCUGUGCUUUCAUGUCAU,antisense,,49.0,46.0,69.0
19p2_10,HIF1A,HIF1a,NM_001530.4,GCUUUUAUUUGAAAGCCUUGG,CCAAGGCUUUCAAAUAAAAGC,antisense,,15.0,-58.0,14.0
19p2_11,HIF1A,HIF1a,NM_001530.4,AUGGUGACAUGAUUUACAUUU,AAAUGUAAAUCAUGUCACCAU,antisense,,23.0,46.0,75.0
19p2_12,HIF1A,HIF1a,NM_001530.4,AUGAUUUACAUUUCUGAUAAU,AUUAUCAGAAAUGUAAAUCAU,antisense,,31.0,58.0,85.0
19p2_13,HIF1A,HIF1a,NM_001530.4,AUGGGAUUAACUCAGUUUGAA,UUCAAACUGAGUUAAUCCCAU,antisense,,85.0,88.0,90.0
19p2_14,HIF1A,HIF1a,NM_001530.4,UCAGUUUGAACUAACUGGACA,UGUCCAGUUAGUUCAAACUGA,antisense,,71.0,80.0,86.0
19p2_15,HIF1A,HIF1a,NM_001530.4,CUAACUGGACACAGUGUGUUU,AAACACACUGUGUCCAGUUAG,antisense,,36.0,38.0,77.0
19p2_16,HIF1A,HIF1a,NM_001530.4,CAGUGUGUUUGAUUUUACUCA,UGAGUAAAAUCAAACACACUG,antisense,,61.0,77.0,89.0
19p2_17,HIF1A,HIF1a,NM_001530.4,AAUGAGAGAAAUGCUUACACA,UGUGUAAGCAUUUCUCUCAUU,antisense,,55.0,66.0,82.0
19p2_18,HIF1A,HIF1a,NM_001530.4,UCAGAAUGAAGUGUACCCUAA,UUAGGGUACACUUCAUUCUGA,antisense,,81.0,65.0,77.0
19p2_19,HIF1A,HIF1a,NM_001530.4,CAGAAUGAAGUGUACCCUAAC,GUUAGGGUACACUUCAUUCUG,antisense,,52.0,55.0,82.0
19p2_20,HIF1A,HIF1a,NM_001530.4,AUGAACAUAAAGUCUGCAACA,UGUUGCAGACUUUAUGUUCAU,antisense,,37.0,-18.0,55.0
19p2_21,HIF1A,HIF1a,NM_001530.4,CUGCUUGGUGCUGAUUUGUGA,UCACAAAUCAGCACCAAGCAG,antisense,20.0,60.0,80.0,89.0
19p2_22,HIF1A,HIF1a,NM_001530.4,GUGCUGAUUUGUGAACCCAUU,AAUGGGUUCACAAAUCAGCAC,antisense,69.0,83.0,85.0,90.0
19p2_23,HIF1A,HIF1a,NM_001530.4,CCAUUCCUCACCCAUCAAAUA,UAUUUGAUGGGUGAGGAAUGG,antisense,39.0,63.0,77.0,90.0
19p2_24,HIF1A,HIF1a,NM_001530.4,CUCACCCAUCAAAUAUUGAAA,UUUCAAUAUUUGAUGGGUGAG,antisense,19.0,26.0,23.0,63.0
19p2_25,HIF1A,HIF1a,NM_001530.4,UGAAAUUCCUUUAGAUAGCAA,UUGCUAUCUAAAGGAAUUUCA,antisense,-2.0,24.0,1.0,39.0
19p2_26,HIF1A,HIF1a,NM_001530.4,UUCCUUUAGAUAGCAAGACUU,AAGUCUUGCUAUCUAAAGGAA,antisense,8.0,67.0,79.0,92.0
19p2_27,HIF1A,HIF1a,NM_001530.4,CAAGACUUUCCUCAGUCGACA,UGUCGACUGAGGAAAGUCUUG,antisense,60.0,85.0,81.0,89.0
19p2_28,HIF1A,HIF1a,NM_001530.4,UGUGAUGAAAGAAUUACCGAA,UUCGGUAAUUCUUUCAUCACA,antisense,57.0,85.0,84.0,91.0
19p2_29,HIF1A,HIF1a,NM_001530.4,UACCGAAUUGAUGGGAUAUGA,UCAUAUCCCAUCAAUUCGGUA,antisense,9.0,37.0,53.0,84.0
19p2_30,HIF1A,HIF1a,NM_001530.4,AAGAACUUUUAGGCCGCUCAA,UUGAGCGGCCUAAAAGUUCUU,antisense,13.0,16.0,11.0,23.0
19p2_31,HIF1A,HIF1a,NM_001530.4,GCCGCUCAAUUUAUGAAUAUU,AAUAUUCAUAAAUUGAGCGGC,antisense,-26.0,9.0,55.0,87.0
19p2_32,HIF1A,HIF1a,NM_001530.4,GACUCUGAUCAUCUGACCAAA,UUUGGUCAGAUGAUCAGAGUC,antisense,20.0,63.0,78.0,85.0
19p2_33,HIF1A,HIF1a,NM_001530.4,CUGACCAAAACUCAUCAUGAU,AUCAUGAUGAGUUUUGGUCAG,antisense,9.0,52.0,77.0,91.0
19p2_34,HIF1A,HIF1a,NM_001530.4,AAACUCAUCAUGAUAUGUUUA,UAAACAUAUCAUGAUGAGUUU,antisense,4.0,20.0,32.0,63.0
19p2_35,HIF1A,HIF1a,NM_001530.4,CAUCAUGAUAUGUUUACUAAA,UUUAGUAAACAUAUCAUGAUG,antisense,7.0,36.0,60.0,89.0
19p2_36,HIF1A,HIF1a,NM_001530.4,ACAAGUCACCACAGGACAGUA,UACUGUCCUGUGGUGACUUGU,antisense,22.0,40.0,41.0,58.0
19p2_37,HIF1A,HIF1a,NM_001530.4,ACAGUACAGGAUGCUUGCCAA,UUGGCAAGCAUCCUGUACUGU,antisense,42.0,70.0,80.0,88.0
19p2_38,HIF1A,HIF1a,NM_001530.4,CAGUACAGGAUGCUUGCCAAA,UUUGGCAAGCAUCCUGUACUG,antisense,33.0,58.0,77.0,89.0
19p2_39,HIF1A,HIF1a,NM_001530.4,GAUGCUUGCCAAAAGAGGUGG,CCACCUCUUUUGGCAAGCAUC,antisense,13.0,7.0,-6.0,17.0
19p2_40,HIF1A,HIF1a,NM_001530.4,CUUGCCAAAAGAGGUGGAUAU,AUAUCCACCUCUUUUGGCAAG,antisense,15.0,44.0,71.0,87.0
19p2_41,HIF1A,HIF1a,NM_001530.4,UAUGUCUGGGUUGAAACUCAA,UUGAGUUUCAACCCAGACAUA,antisense,15.0,36.0,74.0,80.0
19p2_42,HIF1A,HIF1a,NM_001530.4,CUCAACCACAGUGCAUUGUAU,AUACAAUGCACUGUGGUUGAG,antisense,18.0,54.0,82.0,86.0
19p2_43,HIF1A,HIF1a,NM_001530.4,UACGUUGUGAGUGGUAUUAUU,AAUAAUACCACUCACAACGUA,antisense,56.0,82.0,89.0,90.0
19p2_44,HIF1A,HIF1a,NM_001530.4,UGGUAUUAUUCAGCACGACUU,AAGUCGUGCUGAAUAAUACCA,antisense,40.0,74.0,86.0,83.0
19p2_45,HIF1A,HIF1a,NM_001530.4,CACGACUUGAUUUUCUCCCUU,AAGGGAGAAAAUCAAGUCGUG,antisense,37.0,69.0,87.0,87.0
19p2_46,HIF1A,HIF1a,NM_001530.4,UUGAUUUUCUCCCUUCAACAA,UUGUUGAAGGGAGAAAAUCAA,antisense,43.0,68.0,86.0,85.0
19p2_47,HIF1A,HIF1a,NM_001530.4,AACAAACAGAAUGUGUCCUUA,UAAGGACACAUUCUGUUUGUU,antisense,61.0,80.0,90.0,90.0
19p2_48,HIF1A,HIF1a,NM_001530.4,AAACCGGUUGAAUCUUCAGAU,AUCUGAAGAUUCAACCGGUUU,antisense,25.0,36.0,75.0,80.0
19p2_49,HIF1A,HIF1a,NM_001530.4,AACCGGUUGAAUCUUCAGAUA,UAUCUGAAGAUUCAACCGGUU,antisense,49.0,78.0,90.0,90.0
19p2_50,HIF1A,HIF1a,NM_001530.4,UUGAAUCUUCAGAUAUGAAAA,UUUUCAUAUCUGAAGAUUCAA,antisense,11.0,42.0,73.0,90.0
19p2_51,HIF1A,HIF1a,NM_001530.4,UUCAGAUAUGAAAAUGACUCA,UGAGUCAUUUUCAUAUCUGAA,antisense,9.0,-1.0,44.0,53.0
19p2_52,HIF1A,HIF1a,NM_001530.4,UAUGAAAAUGACUCAGCUAUU,AAUAGCUGAGUCAUUUUCAUA,antisense,19.0,39.0,76.0,81.0
19p2_53,HIF1A,HIF1a,NM_001530.4,UCAGCUAUUCACCAAAGUUGA,UCAACUUUGGUGAAUAGCUGA,antisense,25.0,55.0,85.0,84.0
19p2_54,HIF1A,HIF1a,NM_001530.4,CAGCUAUUCACCAAAGUUGAA,UUCAACUUUGGUGAAUAGCUG,antisense,26.0,47.0,83.0,84.0
19p2_55,HIF1A,HIF1a,NM_001530.4,AUUCACCAAAGUUGAAUCAGA,UCUGAUUCAACUUUGGUGAAU,antisense,31.0,60.0,84.0,89.0
19p2_56,HIF1A,HIF1a,NM_001530.4,UUGAAUCAGAAGAUACAAGUA,UACUUGUAUCUUCUGAUUCAA,antisense,31.0,48.0,78.0,81.0
19p2_57,HIF1A,HIF1a,NM_001530.4,UAGCCUCUUUGACAAACUUAA,UUAAGUUUGUCAAAGAGGCUA,antisense,56.0,80.0,90.0,89.0
19p2_58,HIF1A,HIF1a,NM_001530.4,CUUUGCUGGCCCCAGCCGCUG,CAGCGGCUGGGGCCAGCAAAG,antisense,22.0,20.0,35.0,31.0
19p2_59,HIF1A,HIF1a,NM_001530.4,CAGCAACGACACAGAAACUGA,UCAGUUUCUGUGUCGUUGCUG,antisense,34.0,61.0,86.0,88.0
19p2_60,HIF1A,HIF1a,NM_001530.4,GCAAUGUCUCCAUUACCCACC,GGUGGGUAAUGGAGACAUUGC,antisense,16.0,27.0,43.0,28.0
19p2_61,HIF1A,HIF1a,NM_001530.4,CCUGCACUCAAUCAAGAAGUU,AACUUCUUGAUUGAGUGCAGG,antisense,-91.0,5.0,49.0,81.0
19p2_62,HIF1A,HIF1a,NM_001530.4,CUCAAUCAAGAAGUUGCAUUA,UAAUGCAACUUCUUGAUUGAG,antisense,-23.0,47.0,80.0,90.0
19p2_63,HIF1A,HIF1a,NM_001530.4,AGGAUCAGACACCUAGUCCUU,AAGGACUAGGUGUCUGAUCCU,antisense,-36.0,59.0,79.0,84.0
19p2_64,HIF1A,HIF1a,NM_001530.4,CACCUAGUCCUUCCGAUGGAA,UUCCAUCGGAAGGACUAGGUG,antisense,-85.0,-20.0,17.0,40.0
19p2_65,HIF1A,HIF1a,NM_001530.4,GUCCUUCCGAUGGAAGCACUA,UAGUGCUUCCAUCGGAAGGAC,antisense,-76.0,-14.0,20.0,52.0
19p2_66,HIF1A,HIF1a,NM_001530.4,UCCGAUGGAAGCACUAGACAA,UUGUCUAGUGCUUCCAUCGGA,antisense,-60.0,27.0,73.0,89.0
19p2_67,HIF1A,HIF1a,NM_001530.4,GGAAGCACUAGACAAAGUUCA,UGAACUUUGUCUAGUGCUUCC,antisense,-8.0,62.0,83.0,89.0
19p2_68,HIF1A,HIF1a,NM_001530.4,GAGCCUAAUAGUCCCAGUGAA,UUCACUGGGACUAUUAGGCUC,antisense,21.0,72.0,86.0,89.0
19p2_69,HIF1A,HIF1a,NM_001530.4,AUAGUCCCAGUGAAUAUUGUU,AACAAUAUUCACUGGGACUAU,antisense,-51.0,19.0,69.0,81.0
19p2_70,HIF1A,HIF1a,NM_001530.4,GUGGAUAGUGAUAUGGUCAAU,AUUGACCAUAUCACUAUCCAC,antisense,-47.0,42.0,79.0,86.0
19p2_71,HIF1A,HIF1a,NM_001530.4,UAUGGUCAAUGAAUUCAAGUU,AACUUGAAUUCAUUGACCAUA,antisense,-164.0,2.0,54.0,87.0
19p2_72,HIF1A,HIF1a,NM_001530.4,UGCUGAAGACACAGAAGCAAA,UUUGCUUCUGUGUCUUCAGCA,antisense,-140.0,23.0,66.0,83.0
19p2_73,HIF1A,HIF1a,NM_001530.4,ACCCAUUUUCUACUCAGGACA,UGUCCUGAGUAGAAAAUGGGU,antisense,-92.0,54.0,86.0,92.0
19p2_74,HIF1A,HIF1a,NM_001530.4,UCUACUCAGGACACAGAUUUA,UAAAUCUGUGUCCUGAGUAGA,antisense,-85.0,32.0,70.0,80.0
19p2_75,HIF1A,HIF1a,NM_001530.4,CAGGACACAGAUUUAGACUUG,CAAGUCUAAAUCUGUGUCCUG,antisense,-103.0,-2.0,46.0,87.0
19p2_76,HIF1A,HIF1a,NM_001530.4,CACAGAUUUAGACUUGGAGAU,AUCUCCAAGUCUAAAUCUGUG,antisense,-101.0,15.0,66.0,89.0
19p2_77,HIF1A,HIF1a,NM_001530.4,CCCAAUGGAUGAUGACUUCCA,UGGAAGUCAUCAUCCAUUGGG,antisense,-70.0,13.0,67.0,88.0
19p2_78,HIF1A,HIF1a,NM_001530.4,AUGGAUGAUGACUUCCAGUUA,UAACUGGAAGUCAUCAUCCAU,antisense,8.0,77.0,89.0,91.0
19p2_79,HIF1A,HIF1a,NM_001530.4,CAAGUCCUCAAAGCACAGUUA,UAACUGUGCUUUGAGGACUUG,antisense,-19.0,67.0,89.0,91.0
19p2_80,HIF1A,HIF1a,NM_001530.4,UUCCAGCAGACUCAAAUACAA,UUGUAUUUGAGUCUGCUGGAA,antisense,-77.0,29.0,84.0,91.0
19p2_81,HIF1A,HIF1a,NM_001530.4,UGCCACCACUGAUGAAUUAAA,UUUAAUUCAUCAGUGGUGGCA,antisense,-21.0,48.0,81.0,93.0
19p2_82,HIF1A,HIF1a,NM_001530.4,AACAGUGACAAAAGACCGUAU,AUACGGUCUUUUGUCACUGUU,antisense,-14.0,28.0,65.0,84.0
19p2_83,HIF1A,HIF1a,NM_001530.4,AAGUCGGACAGCCUCACCAAA,UUUGGUGAGGCUGUCCGACUU,antisense,6.0,33.0,49.0,60.0
19p2_84,HIF1A,HIF1a,NM_001530.4,AGGAGUCAUAGAACAGACAGA,UCUGUCUGUUCUAUGACUCCU,antisense,55.0,80.0,89.0,92.0
19p2_85,HIF1A,HIF1a,NM_001530.4,UAUCUGUCGCUUUGAGUCAAA,UUUGACUCAAAGCGACAGAUA,antisense,-10.0,20.0,49.0,75.0
19p2_86,HIF1A,HIF1a,NM_001530.4,UCGCUUUGAGUCAAAGAACUA,UAGUUCUUUGACUCAAAGCGA,antisense,-22.0,27.0,64.0,89.0
19p2_87,HIF1A,HIF1a,NM_001530.4,UUGAGUCAAAGAACUACAGUU,AACUGUAGUUCUUUGACUCAA,antisense,-10.0,60.0,85.0,92.0
19p2_88,HIF1A,HIF1a,NM_001530.4,AAGAACUACAGUUCCUGAGGA,UCCUCAGGAACUGUAGUUCUU,antisense,-14.0,66.0,86.0,90.0
19p2_89,HIF1A,HIF1a,NM_001530.4,CAGUUCCUGAGGAAGAACUAA,UUAGUUCUUCCUCAGGAACUG,antisense,-6.0,74.0,88.0,89.0
19p2_90,HIF1A,HIF1a,NM_001530.4,AGGAAGAACUAAAUCCAAAGA,UCUUUGGAUUUAGUUCUUCCU,antisense,-36.0,2.0,35.0,58.0
19p2_91,HIF1A,HIF1a,NM_001530.4,AAAGAUACUAGCUUUGCAGAA,UUCUGCAAAGCUAGUAUCUUU,antisense,-10.0,43.0,75.0,83.0
19p2_92,HIF1A,HIF1a,NM_001530.4,AAGAUACUAGCUUUGCAGAAU,AUUCUGCAAAGCUAGUAUCUU,antisense,0.0,28.0,69.0,88.0
19p2_93,HIF1A,HIF1a,NM_001530.4,UUUGCAGAAUGCUCAGAGAAA,UUUCUCUGAGCAUUCUGCAAA,antisense,5.0,38.0,71.0,85.0
19p2_94,HIF1A,HIF1a,NM_001530.4,AGAAUGCUCAGAGAAAGCGAA,UUCGCUUUCUCUGAGCAUUCU,antisense,65.0,85.0,91.0,93.0
19p2_95,HIF1A,HIF1a,NM_001530.4,AUGGAACAUGAUGGUUCACUU,AAGUGAACCAUCAUGUUCCAU,antisense,67.0,86.0,91.0,92.0
19p2_96,HIF1A,HIF1a,NM_001530.4,AUGCAAAUCUAGUGAACAGAA,UUCUGUUCACUAGAUUUGCAU,antisense,37.0,72.0,84.0,87.0
19p2_97,HIF1A,HIF1a,NM_001530.4,AUGGAAUGGAGCAAAAGACAA,UUGUCUUUUGCUCCAUUCCAU,antisense,44.0,79.0,86.0,87.0
19p2_98,HIF1A,HIF1a,NM_001530.4,CUGACCAGUUAUGAUUGUGAA,UUCACAAUCAUAACUGGUCAG,antisense,7.0,59.0,85.0,90.0
19p2_99,HIF1A,HIF1a,NM_001530.4,GAAGUUAAUGCUCCUAUACAA,UUGUAUAGGAGCAUUAACUUC,antisense,0.0,50.0,84.0,90.0
19p2_100,HIF1A,HIF1a,NM_001530.4,CUCCUAUACAAGGCAGCAGAA,UUCUGCUGCCUUGUAUAGGAG,antisense,-11.0,11.0,31.0,38.0
19p2_101,HK2,HK2,NM_000189.5,UGUGAACAUGGAAUGGGGGGC,GCCCCCCAUUCCAUGUUCACA,antisense,5.0,40.0,28.0,51.0
19p2_102,HK2,HK2,NM_000189.5,AAGGAGGUGUGCACUGUGGUG,CACCACAGUGCACACCUCCUU,antisense,1.0,33.0,58.0,83.0
19p2_104,HK2,HK2,NM_000189.5,GAGCACCUGUGACGACAGCAU,AUGCUGUCGUCACAGGUGCUC,antisense,22.0,50.0,76.0,89.0
19p2_105,HK2,HK2,NM_000189.5,CCGUAACAUUCUCAUCGAUUU,AAAUCGAUGAGAAUGUUACGG,antisense,54.0,68.0,75.0,88.0
19p2_106,HK2,HK2,NM_000189.5,CUACUUCUUCACGGAGCUCAA,UUGAGCUCCGUGAAGAAGUAG,antisense,,30.0,51.0,63.0
19p2_107,HK2,HK2,NM_000189.5,UAAGGAGGUGUGCACUGUGGU,ACCACAGUGCACACCUCCUUA,antisense,6.0,44.0,69.0,81.0
19p2_108,HK2,HK2,NM_000189.5,CGGGUCCUGCUGGUCCGUGUU,AACACGGACCAGCAGGACCCG,antisense,54.0,66.0,69.0,69.0
19p2_109,HK2,HK2,NM_000189.5,AGAACAAAGGCGAGGAGCGGC,GCCGCUCCUCGCCUUUGUUCU,antisense,22.0,1.0,5.0,-16.0
19p2_110,HK2,HK2,NM_000189.5,CCUGGCUAACUUCAUGGAUAA,UUAUCCAUGAAGUUAGCCAGG,antisense,-8.0,60.0,64.0,92.0
19p2_111,HK2,HK2,NM_000189.5,CGGAGAGUUCCUGGCUCUGGA,UCCAGAGCCAGGAACUCUCCG,antisense,,66.0,77.0,84.0
19p2_112,HK2,HK2,NM_000189.5,CAAGAUCUACGCCAUCCCGCA,UGCGGGAUGGCGUAGAUCUUG,antisense,38.0,39.0,63.0,72.0
19p2_113,HK2,HK2,NM_000189.5,CCCCAUUUUGCCAAGCGUCUA,UAGACGCUUGGCAAAAUGGGG,antisense,35.0,36.0,67.0,77.0
19p2_114,HK2,HK2,NM_000189.5,CAUCAUUGUUAAGGAGGUGUG,CACACCUCCUUAACAAUGAUG,antisense,-14.0,12.0,44.0,71.0
19p2_115,HK2,HK2,NM_000189.5,UGCCGAAUGCCUGGCUAACUU,AAGUUAGCCAGGCAUUCGGCA,antisense,37.0,70.0,70.0,88.0
19p2_116,HK2,HK2,NM_000189.5,AGUGCAGAAGGUUGACCAGUA,UACUGGUCAACCUUCUGCACU,antisense,,67.0,64.0,75.0
19p2_117,HK2,HK2,NM_000189.5,CUCUUCCGAGGCCGCAUCUCA,UGAGAUGCGGCCUCGGAAGAG,antisense,23.0,43.0,48.0,85.0
19p2_118,HK2,HK2,NM_000189.5,AGGGCUUGAGAGCACCUGUGA,UCACAGGUGCUCUCAAGCCCU,antisense,-1.0,25.0,59.0,82.0
19p2_119,HK2,HK2,NM_000189.5,AGGGCUUGGAGCCACCACUCA,UGAGUGGUGGCUCCAAGCCCU,antisense,,30.0,40.0,54.0
19p2_120,HK2,HK2,NM_000189.5,CACCUGUGACGACAGCAUCAU,AUGAUGCUGUCGUCACAGGUG,antisense,32.0,45.0,78.0,86.0
19p2_121,HK2,HK2,NM_000189.5,GCACAACAAGAUCUACGCCAU,AUGGCGUAGAUCUUGUUGUGC,antisense,47.0,59.0,73.0,80.0
19p2_122,HK2,HK2,NM_000189.5,ACCACUCACCCUACUGCAGCA,UGCUGCAGUAGGGUGAGUGGU,antisense,,-2.0,35.0,76.0
19p2_123,HK2,HK2,NM_000189.5,CAAGAGGAGGAUGAAGGUAGA,UCUACCUUCAUCCUCCUCUUG,antisense,69.0,80.0,80.0,84.0
19p2_124,HK2,HK2,NM_000189.5,UGACCAGUAUCUCUACCACAU,AUGUGGUAGAGAUACUGGUCA,antisense,,74.0,74.0,74.0
19p2_125,HK2,HK2,NM_000189.5,CAUCGCGGACUUCCUCGAGUA,UACUCGAGGAAGUCCGCGAUG,antisense,62.0,78.0,78.0,81.0
19p2_126,HK2,HK2,NM_000189.5,UUGUUAAGGAGGUGUGCACUG,CAGUGCACACCUCCUUAACAA,antisense,-47.0,4.0,30.0,56.0
19p2_127,HK2,HK2,NM_000189.5,CCUGUGGUUAUGAUGACCACA,UGUGGUCAUCAUAACCACAGG,antisense,-46.0,-7.0,-1.0,5.0
19p2_128,HK2,HK2,NM_000189.5,ACCAAGGGAUUCAAGUCCAGU,ACUGGACUUGAAUCCCUUGGU,antisense,-3.0,-8.0,-7.0,26.0
19p2_129,HK2,HK2,NM_000189.5,ACCGUGCCCGCCAGAAGACAU,AUGUCUUCUGGCGGGCACGGU,antisense,33.0,49.0,71.0,73.0
19p2_130,HK2,HK2,NM_000189.5,CUACAUCCUCACUUUGCCAAA,UUUGGCAAAGUGAGGAUGUAG,antisense,-14.0,36.0,76.0,85.0
19p2_131,HK2,HK2,NM_000189.5,GAGAUGGAGAAAGGGCUUGGA,UCCAAGCCCUUUCUCCAUCUC,antisense,,44.0,64.0,69.0
19p2_132,HK2,HK2,NM_000189.5,UGGACAAAAGGCUUCAAGGCA,UGCCUUGAAGCCUUUUGUCCA,antisense,48.0,61.0,64.0,76.0
19p2_134,HK2,HK2,NM_000189.5,GAACCCGGGAAAGCAACUGUU,AACAGUUGCUUUCCCGGGUUC,antisense,33.0,49.0,68.0,77.0
19p2_135,HK2,HK2,NM_000189.5,UGGGACAGAACACGGAGAGUU,AACUCUCCGUGUUCUGUCCCA,antisense,,59.0,70.0,82.0
19p2_136,HK2,HK2,NM_000189.5,GGAGUGGAAGGCAGAGACGUU,AACGUCUCUGCCUUCCACUCC,antisense,16.0,54.0,57.0,76.0
19p2_137,HK2,HK2,NM_000189.5,AUUGUUAAGGAGGUGUGCACU,AGUGCACACCUCCUUAACAAU,antisense,-29.0,23.0,63.0,77.0
19p2_138,HK2,HK2,NM_000189.5,UUGCCAAGCGUCUACAUAAGA,UCUUAUGUAGACGCUUGGCAA,antisense,33.0,26.0,52.0,52.0
19p2_139,HK2,HK2,NM_000189.5,AGUCAUGCAUGAGACAGUGAA,UUCACUGUCUCAUGCAUGACU,antisense,10.0,72.0,87.0,90.0
19p2_140,HK2,HK2,NM_000189.5,AACUGUGAGAUUGGUCUCAUU,AAUGAGACCAAUCUCACAGUU,antisense,-1.0,58.0,62.0,75.0
19p2_141,HK2,HK2,NM_000189.5,CAGACUAAACUAGACGAGAGU,ACUCUCGUCUAGUUUAGUCUG,antisense,-33.0,55.0,72.0,79.0
19p2_142,HK2,HK2,NM_000189.5,CACUGUGAAGUUGGCCUCAUU,AAUGAGGCCAACUUCACAGUG,antisense,25.0,64.0,79.0,89.0
19p2_143,HK2,HK2,NM_000189.5,GAGGACAUCAUGCGAGGCAGU,ACUGCCUCGCAUGAUGUCCUC,antisense,10.0,2.0,34.0,55.0
19p2_144,HK2,HK2,NM_000189.5,UCCGAGGAUGGCAGUGGCAAA,UUUGCCACUGCCAUCCUCGGA,antisense,31.0,20.0,55.0,62.0
19p2_145,HK2,HK2,NM_000189.5,UACAAGCUACAUCCUCACUUU,AAAGUGAGGAUGUAGCUUGUA,antisense,36.0,74.0,88.0,89.0
19p2_146,HK2,HK2,NM_000189.5,UGACGACAGCAUCAUUGUUAA,UUAACAAUGAUGCUGUCGUCA,antisense,37.0,73.0,87.0,88.0
19p2_147,HK2,HK2,NM_000189.5,CCACCGGCGAGAGGAGUUUGA,UCAAACUCCUCUCGCCGGUGG,antisense,34.0,67.0,75.0,88.0
19p2_148,HK2,HK2,NM_000189.5,UCUCAGAGCGGCUCAAGACAA,UUGUCUUGAGCCGCUCUGAGA,antisense,24.0,56.0,68.0,86.0
19p2_149,HK2,HK2,NM_000189.5,AUCCUCACUUUGCCAAAGUCA,UGACUUUGGCAAAGUGAGGAU,antisense,-18.0,44.0,78.0,83.0
19p2_150,HK2,HK2,NM_000189.5,UUCCCCUGCCACCAGACUAAA,UUUAGUCUGGUGGCAGGGGAA,antisense,-58.0,18.0,27.0,39.0
19p2_151,HK2,HK2,NM_000189.5,ACGGAGCUCAACCAUGACCAA,UUGGUCAUGGUUGAGCUCCGU,antisense,,43.0,56.0,67.0
19p2_152,HK2,HK2,NM_000189.5,AUGGAUAAGCUACAAAUCAAA,UUUGAUUUGUAGCUUAUCCAU,antisense,22.0,73.0,70.0,96.0
19p2_153,HK2,HK2,NM_000189.5,GAAGACCCUCACUGUGAAGUU,AACUUCACAGUGAGGGUCUUC,antisense,29.0,65.0,79.0,86.0
19p2_154,HK2,HK2,NM_000189.5,GCCAAAGUCAUGCAUGAGACA,UGUCUCAUGCAUGACUUUGGC,antisense,-16.0,44.0,78.0,84.0
19p2_155,HK2,HK2,NM_000189.5,AGGGGCAUCUUUGAAACCAAG,CUUGGUUUCAAAGAUGCCCCU,antisense,44.0,79.0,84.0,88.0
19p2_156,HK2,HK2,NM_000189.5,AAAGACAUCUCAGACAUUGAA,UUCAAUGUCUGAGAUGUCUUU,antisense,56.0,68.0,74.0,75.0
19p2_157,HK2,HK2,NM_000189.5,AGUAUCUCUACCACAUGCGCC,GGCGCAUGUGGUAGAGAUACU,antisense,,19.0,52.0,54.0
19p2_158,HK2,HK2,NM_000189.5,AGAGGGGCGGAUGUGUGUGAA,UUCACACACAUCCGCCCCUCU,antisense,30.0,58.0,61.0,72.0
19p2_159,HK2,HK2,NM_000189.5,GCACCUGUGACGACAGCAUCA,UGAUGCUGUCGUCACAGGUGC,antisense,52.0,68.0,82.0,85.0
19p2_160,HK2,HK2,NM_000189.5,GGGGACUUUGAUAUCGACAUU,AAUGUCGAUAUCAAAGUCCCC,antisense,12.0,61.0,62.0,87.0
19p2_161,HK2,HK2,NM_000189.5,ACCUGUGACGACAGCAUCAUU,AAUGAUGCUGUCGUCACAGGU,antisense,28.0,56.0,82.0,84.0
19p2_162,HK2,HK2,NM_000189.5,AUCCUCCUCAAGUGGACAAAA,UUUUGUCCACUUGAGGAGGAU,antisense,40.0,37.0,54.0,70.0
19p2_163,HK2,HK2,NM_000189.5,CCGCAUCUCAGAGCGGCUCAA,UUGAGCCGCUCUGAGAUGCGG,antisense,22.0,45.0,54.0,78.0
19p2_164,HK2,HK2,NM_000189.5,GGAGAUGCACAACAAGAUCUA,UAGAUCUUGUUGUGCAUCUCC,antisense,54.0,67.0,73.0,72.0
19p2_165,HK2,HK2,NM_000189.5,AGGGGCGGAUGUGUAUCAAUA,UAUUGAUACACAUCCGCCCCU,antisense,44.0,77.0,74.0,81.0
19p2_166,HK2,HK2,NM_000189.5,AAGGUUGACCAGUAUCUCUAC,GUAGAGAUACUGGUCAACCUU,antisense,,68.0,73.0,85.0
19p2_167,HK2,HK2,NM_000189.5,UGGCACCCAGCUGUUUGACCA,UGGUCAAACAGCUGGGUGCCA,antisense,3.0,44.0,53.0,70.0
19p2_168,HK2,HK2,NM_000189.5,CAUCGACAUGGUGGAAGGCGA,UCGCCUUCCACCAUGUCGAUG,antisense,-22.0,52.0,65.0,80.0
19p2_169,HK2,HK2,NM_000189.5,ACCUUUGUGAGGUCCACUCCA,UGGAGUGGACCUCACAAAGGU,antisense,,19.0,46.0,59.0
19p2_170,HK2,HK2,NM_000189.5,GCUACAUGGAAGAGAUGCGCC,GGCGCAUCUCUUCCAUGUAGC,antisense,-47.0,-15.0,-75.0,-93.0
19p2_171,HK2,HK2,NM_000189.5,AACGACAUUCGCACUGAGUUU,AAACUCAGUGCGAAUGUCGUU,antisense,-14.0,69.0,67.0,79.0
19p2_172,HK2,HK2,NM_000189.5,AAGGAAGCGAUCCACCGGCGA,UCGCCGGUGGAUCGCUUCCUU,antisense,38.0,60.0,67.0,83.0
19p2_173,HK2,HK2,NM_000189.5,CAGCGCAUCAAGGAGAACAAA,UUUGUUCUCCUUGAUGCGCUG,antisense,34.0,47.0,73.0,80.0
19p2_174,HK2,HK2,NM_000189.5,CCGGGCUGAGAUUCUUCUCAA,UUGAGAAGAAUCUCAGCCCGG,antisense,,21.0,54.0,74.0
19p2_175,HK2,HK2,NM_000189.5,UUCGGGGACAAUGGAUGCCUA,UAGGCAUCCAUUGUCCCCGAA,antisense,37.0,73.0,80.0,86.0
19p2_176,HK2,HK2,NM_000189.5,UUGAGAGCACCUGUGACGACA,UGUCGUCACAGGUGCUCUCAA,antisense,51.0,72.0,79.0,85.0
19p2_177,HK2,HK2,NM_000189.5,UGGAGUGGAGAUGCACAACAA,UUGUUGUGCAUCUCCACUCCA,antisense,67.0,69.0,74.0,79.0
19p2_178,HK2,HK2,NM_000189.5,CGACGGUUCCGUCUACAAGAA,UUCUUGUAGACGGAACCGUCG,antisense,58.0,69.0,71.0,76.0
19p2_179,HK2,HK2,NM_000189.5,GAGAUGGAGAAUCAGAUCUAU,AUAGAUCUGAUUCUCCAUCUC,antisense,,73.0,75.0,77.0
19p2_180,HK2,HK2,NM_000189.5,CAUUCUCAUCGAUUUCACCAA,UUGGUGAAAUCGAUGAGAAUG,antisense,29.0,31.0,54.0,77.0
19p2_181,HK2,HK2,NM_000189.5,ACGACACAGUCGGAACUAUGA,UCAUAGUUCCGACUGUGUCGU,antisense,57.0,79.0,78.0,89.0
19p2_182,HK2,HK2,NM_000189.5,UGGGUGAGAUUGUCCGUAACA,UGUUACGGACAAUCUCACCCA,antisense,70.0,81.0,84.0,94.0
19p2_183,HK2,HK2,NM_000189.5,AAUGGAGCGAGGUCUGAGCAA,UUGCUCAGACCUCGCUCCAUU,antisense,23.0,6.0,39.0,49.0
19p2_184,HK2,HK2,NM_000189.5,CGAGAGUUUCCUGGUCUCAUG,CAUGAGACCAGGAAACUCUCG,antisense,-44.0,26.0,50.0,55.0
19p2_185,HK2,HK2,NM_000189.5,UGUUAAGGAGGUGUGCACUGU,ACAGUGCACACCUCCUUAACA,antisense,-19.0,2.0,24.0,43.0
19p2_186,HK2,HK2,NM_000189.5,CUGCCACCAGACUAAACUAGA,UCUAGUUUAGUCUGGUGGCAG,antisense,-29.0,47.0,69.0,82.0
19p2_187,HK2,HK2,NM_000189.5,CAAGUGGACAAAAGGCUUCAA,UUGAAGCCUUUUGUCCACUUG,antisense,40.0,46.0,63.0,74.0
19p2_188,HK2,HK2,NM_000189.5,AUCGAUUUCACCAAGCGUGGA,UCCACGCUUGGUGAAAUCGAU,antisense,52.0,75.0,83.0,88.0
19p2_189,HK2,HK2,NM_000189.5,UACCACAUGCGCCUCUCUGAU,AUCAGAGAGGCGCAUGUGGUA,antisense,,41.0,61.0,72.0
19p2_190,HK2,HK2,NM_000189.5,ACCAAGUUCUUGUCUCAGAUU,AAUCUGAGACAAGAACUUGGU,antisense,18.0,61.0,76.0,87.0
19p2_191,HK2,HK2,NM_000189.5,CAGGAGAUUGACAUGGGCUCA,UGAGCCCAUGUCAAUCUCCUG,antisense,-54.0,30.0,34.0,44.0
19p2_192,HK2,HK2,NM_000189.5,CUGUGGCUUUGAAGACCCUCA,UGAGGGUCUUCAAAGCCACAG,antisense,47.0,73.0,80.0,85.0
19p2_193,HK2,HK2,NM_000189.5,GUGGCUGUGGAUGAGCUUUCA,UGAAAGCUCAUCCACAGCCAC,antisense,40.0,80.0,87.0,94.0
19p2_194,HK2,HK2,NM_000189.5,UUGGGUGAAAGUAACGGACAA,UUGUCCGUUACUUUCACCCAA,antisense,,54.0,57.0,61.0
19p2_195,HK2,HK2,NM_000189.5,GAUCUCUAAGCGGUUCCGCAA,UUGCGGAACCGCUUAGAGAUC,antisense,,7.0,28.0,53.0
19p2_196,HK2,HK2,NM_000189.5,GGGACCAACUUCCGUGUGCUU,AAGCACACGGAAGUUGGUCCC,antisense,,34.0,58.0,65.0
19p2_197,HK2,HK2,NM_000189.5,ACCCAGCUGUUUGACCACAUU,AAUGUGGUCAAACAGCUGGGU,antisense,-40.0,26.0,55.0,78.0
19p2_198,HK2,HK2,NM_000189.5,UGUGGAUGAGCUUUCACUCAA,UUGAGUGAAAGCUCAUCCACA,antisense,65.0,71.0,80.0,88.0
19p2_199,HK2,HK2,NM_000189.5,CUGGACGCUCUCAAAGUGACA,UGUCACUUUGAGAGCGUCCAG,antisense,3.0,46.0,72.0,84.0
19p2_200,HPSE,HPSE,NM_006665.6,UUCCAAAUCUGUCCAACUCAA,UUGAGUUGGACAGAUUUGGAA,antisense,64.0,87.0,94.0,
19p2_201,HPSE,HPSE,NM_006665.6,ACCUCAUGGAUUACUUUCCAA,UUGGAAAGUAAUCCAUGAGGU,antisense,19.0,24.0,81.0,
19p2_202,HPSE,HPSE,NM_006665.6,UGCCAGCUUUCUCAUAUAGUU,AACUAUAUGAGAAAGCUGGCA,antisense,84.0,92.0,95.0,
19p2_203,HPSE,HPSE,NM_006665.6,CAACUCAAUGGUCUAACUCUA,UAGAGUUAGACCAUUGAGUUG,antisense,61.0,83.0,91.0,
19p2_204,HPSE,HPSE,NM_006665.6,GAGAUUUAACUCUGUAUGCCA,UGGCAUACAGAGUUAAAUCUC,antisense,49.0,80.0,92.0,
19p2_205,HPSE,HPSE,NM_006665.6,AAGGAGAUUUAACUCUGUAUG,CAUACAGAGUUAAAUCUCCUU,antisense,7.0,6.0,46.0,
19p2_206,HPSE,HPSE,NM_006665.6,CAAGUGGAUAAAUACCUUCUA,UAGAAGGUAUUUAUCCACUUG,antisense,33.0,53.0,72.0,
19p2_207,HPSE,HPSE,NM_006665.6,CAAGUACUUGCGGUUACCCUA,UAGGGUAACCGCAAGUACUUG,antisense,71.0,86.0,94.0,
19p2_208,HPSE,HPSE,NM_006665.6,AAAAUAAAAUAUACUAGUCCU,AGGACUAGUAUAUUUUAUUUU,antisense,2.0,1.0,33.0,
19p2_209,HPSE,HPSE,NM_006665.6,CUGCUUGCAUCUGAAAAUAAA,UUUAUUUUCAGAUGCAAGCAG,antisense,62.0,82.0,95.0,
19p2_210,HPSE,HPSE,NM_006665.6,AGAGAAGGAAGCUUCGAGUAU,AUACUCGAAGCUUCCUUCUCU,antisense,62.0,82.0,87.0,
19p2_211,HPSE,HPSE,NM_006665.6,GCCCUUGCUAUCCGACACCUU,AAGGUGUCGGAUAGCAAGGGC,antisense,50.0,71.0,88.0,
19p2_212,HPSE,HPSE,NM_006665.6,AAAGCUUCGUACCUUGGCCAG,CUGGCCAAGGUACGAAGCUUU,antisense,14.0,49.0,70.0,
19p2_213,HPSE,HPSE,NM_006665.6,CAGAGGCUUGUCUCCUGCGUA,UACGCAGGAGACAAGCCUCUG,antisense,89.0,88.0,97.0,
19p2_214,HPSE,HPSE,NM_006665.6,AAACUUCGAUCCUUUACCUGA,UCAGGUAAAGGAUCGAAGUUU,antisense,77.0,89.0,95.0,
19p2_215,HPSE,HPSE,NM_006665.6,UUGCAGUGGAACAGUUCUAAU,AUUAGAACUGUUCCACUGCAA,antisense,26.0,42.0,67.0,
19p2_216,HPSE,HPSE,NM_006665.6,AGGAGAAGUUACGGUUGGAAU,AUUCCAACCGUAACUUCUCCU,antisense,17.0,39.0,48.0,
19p2_217,HPSE,HPSE,NM_006665.6,AACCUGAUGUAUUGGACAUUU,AAAUGUCCAAUACAUCAGGUU,antisense,-2.0,34.0,68.0,
19p2_218,HPSE,HPSE,NM_006665.6,AAGAAAGACGGCUAAGAUGCU,AGCAUCUUAGCCGUCUUUCUU,antisense,37.0,68.0,86.0,
19p2_219,HPSE,HPSE,NM_006665.6,CUGCUCUUCCAAGGGGUAUAA,UUAUACCCCUUGGAAGAGCAG,antisense,61.0,70.0,87.0,
19p2_220,HPSE,HPSE,NM_006665.6,UCCAAGGGGUAUAACAUUUCU,AGAAAUGUUAUACCCCUUGGA,antisense,7.0,19.0,52.0,
19p2_221,HPSE,HPSE,NM_006665.6,CCAAGGGGUAUAACAUUUCUU,AAGAAAUGUUAUACCCCUUGG,antisense,39.0,26.0,39.0,
19p2_222,HPSE,HPSE,NM_006665.6,GGGUAUAACAUUUCUUGGGAA,UUCCCAAGAAAUGUUAUACCC,antisense,10.0,58.0,89.0,
19p2_223,HPSE,HPSE,NM_006665.6,AGGCAAUGAACCUAACAGUUU,AAACUGUUAGGUUCAUUGCCU,antisense,53.0,64.0,66.0,
19p2_224,HPSE,HPSE,NM_006665.6,GGCAAUGAACCUAACAGUUUC,GAAACUGUUAGGUUCAUUGCC,antisense,18.0,31.0,76.0,
19p2_225,HPSE,HPSE,NM_006665.6,AAGGCUGAUAUUUUCAUCAAU,AUUGAUGAAAAUAUCAGCCUU,antisense,59.0,79.0,91.0,
19p2_226,HPSE,HPSE,NM_006665.6,UCAUCAAUGGGUCGCAGUUAG,CUAACUGCGACCCAUUGAUGA,antisense,11.0,25.0,42.0,
19p2_227,HPSE,HPSE,NM_006665.6,AUCUCAAGUCAACCAGGAUAU,AUAUCCUGGUUGACUUGAGAU,antisense,37.0,63.0,73.0,
19p2_228,HPSE,HPSE,NM_006665.6,CAAUCUCAAGUCAACCAGGAU,AUCCUGGUUGACUUGAGAUUG,antisense,23.0,44.0,48.0,
19p2_229,HPSE,HPSE,NM_006665.6,UUACUGGCAAUCUCAAGUCAA,UUGACUUGAGAUUGCCAGUAA,antisense,68.0,79.0,89.0,
19p2_230,HPSE,HPSE,NM_006665.6,AGAGAAGUUACUGGCAAUCUC,GAGAUUGCCAGUAACUUCUCU,antisense,63.0,85.0,93.0,
19p2_231,HPSE,HPSE,NM_006665.6,UACUCCGAGAACACUACCAGA,UCUGGUAGUGUUCUCGGAGUA,antisense,31.0,69.0,89.0,
19p2_232,HPSE,HPSE,NM_006665.6,AUUGCUACUCCGAGAACACUA,UAGUGUUCUCGGAGUAGCAAU,antisense,48.0,83.0,87.0,
19p2_233,HPSE,HPSE,NM_006665.6,CAGGAGCAAUUGCUACUCCGA,UCGGAGUAGCAAUUGCUCCUG,antisense,24.0,36.0,71.0,
19p2_234,HPSE,HPSE,NM_006665.6,CUCAAGUCAACCAGGAUAUUU,AAAUAUCCUGGUUGACUUGAG,antisense,17.0,23.0,61.0,
19p2_235,HPSE,HPSE,NM_006665.6,CCCGCGGUUCCUCAUCCUCCU,AGGAGGAUGAGGAACCGCGGG,antisense,27.0,50.0,84.0,
19p2_236,HPSE,HPSE,NM_006665.6,UCGUUCCUGUCCGUCACCAUU,AAUGGUGACGGACAGGAACGA,antisense,81.0,90.0,94.0,
19p2_237,HPSE,HPSE,NM_006665.6,UAAAAUAUACUAGUCCUGACA,UGUCAGGACUAGUAUAUUUUA,antisense,13.0,39.0,67.0,
19p2_238,HPSE,HPSE,NM_006665.6,AAUAAAAUAUACUAGUCCUGA,UCAGGACUAGUAUAUUUUAUU,antisense,14.0,28.0,43.0,
19p2_239,HPSE,HPSE,NM_006665.6,AUAAAAUAUACUAGUCCUGAC,GUCAGGACUAGUAUAUUUUAU,antisense,2.0,-13.0,8.0,
19p2_243,HPSE,HPSE,NM_006665.6,CUCGUUCCUGUCCGUCACCAU,AUGGUGACGGACAGGAACGAG,antisense,36.0,76.0,89.0,
19p2_244,HPSE,HPSE,NM_001098540.3,AGUGCUAGAGCUCUCGACUCU,AGAGUCGAGAGCUCUAGCACU,antisense,39.0,57.0,73.0,
19p2_245,HPSE,HPSE,NM_006665.6,ACCAAGACAGACUUCCUAAUU,AAUUAGGAAGUCUGUCUUGGU,antisense,67.0,65.0,79.0,
19p2_246,HPSE,HPSE,NM_006665.6,CAAGACAGACUUCCUAAUUUU,AAAAUUAGGAAGUCUGUCUUG,antisense,27.0,51.0,85.0,
19p2_247,HPSE,HPSE,NM_006665.6,AAGACAGACUUCCUAAUUUUC,GAAAAUUAGGAAGUCUGUCUU,antisense,-22.0,-4.0,42.0,
19p2_248,HPSE,HPSE,NM_006665.6,CCCAAGAAGGAAUCAACCUUU,AAAGGUUGAUUCCUUCUUGGG,antisense,-8.0,21.0,58.0,
19p2_249,HPSE,HPSE,NM_006665.6,CUCAUCCUCCUGGGUUCUCCA,UGGAGAACCCAGGAGGAUGAG,antisense,24.0,83.0,92.0,
19p2_250,HPSE,HPSE,NM_006665.6,CCAGAGGCUUGUCUCCUGCGU,ACGCAGGAGACAAGCCUCUGG,antisense,43.0,69.0,85.0,
19p2_251,HPSE,HPSE,NM_006665.6,CCUGAGGUUUGGUGGCACCAA,UUGGUGCCACCAAACCUCAGG,antisense,-33.0,14.0,51.0,
19p2_252,HPSE,HPSE,NM_006665.6,CACCAAGACAGACUUCCUAAU,AUUAGGAAGUCUGUCUUGGUG,antisense,67.0,86.0,84.0,
19p2_253,HPSE,HPSE,NM_006665.6,AAGAGAGAAGUUACUGGCAAU,AUUGCCAGUAACUUCUCUCUU,antisense,66.0,79.0,93.0,
19p2_254,HPSE,HPSE,NM_006665.6,GAGAGAAGUUACUGGCAAUCU,AGAUUGCCAGUAACUUCUCUC,antisense,-18.0,27.0,51.0,
19p2_255,HPSE,HPSE,NM_006665.6,GGAGCAGGAAACUACCAUUUA,UAAAUGGUAGUUUCCUGCUCC,antisense,32.0,62.0,89.0,
19p2_256,HPSE,HPSE,NM_006665.6,UGGUGAUGAGGCAAGUAUUCU,AGAAUACUUGCCUCAUCACCA,antisense,51.0,76.0,93.0,
19p2_257,HPSE,HPSE,NM_006665.6,AGUGGUGAUGAGGCAAGUAUU,AAUACUUGCCUCAUCACCACU,antisense,58.0,83.0,95.0,
19p2_258,HPSE,HPSE,NM_006665.6,GAAGUGGUGAUGAGGCAAGUA,UACUUGCCUCAUCACCACUUC,antisense,59.0,77.0,88.0,
19p2_259,HPSE,HPSE,NM_006665.6,UACCAUUUAGUGGAUGAAAAC,GUUUUCAUCCACUAAAUGGUA,antisense,24.0,61.0,93.0,
19p2_260,HPSE,HPSE,NM_006665.6,ACUACCAUUUAGUGGAUGAAA,UUUCAUCCACUAAAUGGUAGU,antisense,22.0,38.0,63.0,
19p2_261,HPSE,HPSE,NM_006665.6,AGGAAACUACCAUUUAGUGGA,UCCACUAAAUGGUAGUUUCCU,antisense,26.0,58.0,88.0,
19p2_262,HPSE,HPSE,NM_006665.6,GAGCAGGAAACUACCAUUUAG,CUAAAUGGUAGUUUCCUGCUC,antisense,4.0,49.0,87.0,
19p2_263,HPSE,HPSE,NM_006665.6,GUGGAUGAAAACUUCGAUCCU,AGGAUCGAAGUUUUCAUCCAC,antisense,48.0,76.0,87.0,
19p2_264,HPSE,HPSE,NM_006665.6,UUAGUGGAUGAAAACUUCGAU,AUCGAAGUUUUCAUCCACUAA,antisense,30.0,62.0,88.0,
19p2_265,HPSE,HPSE,NM_006665.6,AAAGAAGGAGAUUUAACUCUG,CAGAGUUAAAUCUCCUUCUUU,antisense,40.0,68.0,90.0,
19p2_266,HPSE,HPSE,NM_006665.6,AGAAGGAGAUUUAACUCUGUA,UACAGAGUUAAAUCUCCUUCU,antisense,10.0,31.0,61.0,
19p2_267,HPSE,HPSE,NM_006665.6,AAGGUGUUAAUGGCAAGCGUG,CACGCUUGCCAUUAACACCUU,antisense,27.0,57.0,85.0,
19p2_268,HPSE,HPSE,NM_006665.6,AGCGUGCAAGGUUCAAAGAGA,UCUCUUUGAACCUUGCACGCU,antisense,17.0,30.0,55.0,
19p2_269,HPSE,HPSE,NM_006665.6,GAGAAGGAAGCUUCGAGUAUA,UAUACUCGAAGCUUCCUUCUC,antisense,47.0,74.0,94.0,
19p2_270,HPSE,HPSE,NM_006665.6,AACACUGACAAUCCAAGGUAU,AUACCUUGGAUUGUCAGUGUU,antisense,62.0,89.0,98.0,
19p2_271,HPSE,HPSE,NM_006665.6,UGGAUGAAAACUUCGAUCCUU,AAGGAUCGAAGUUUUCAUCCA,antisense,56.0,80.0,94.0,
19p2_272,HPSE,HPSE,NM_006665.6,ACCUGAUUAUUGGCUAUCUCU,AGAGAUAGCCAAUAAUCAGGU,antisense,39.0,78.0,92.0,
19p2_273,HPSE,HPSE,NM_006665.6,UUGGCUAUCUCUUCUGUUCAA,UUGAACAGAAGAGAUAGCCAA,antisense,33.0,59.0,90.0,
19p2_274,HPSE,HPSE,NM_006665.6,CACCAAGGUGUUAAUGGCAAG,CUUGCCAUUAACACCUUGGUG,antisense,11.0,46.0,86.0,
19p2_275,HPSE,HPSE,NM_006665.6,AGAAGGUCUGGUUAGGAGAAA,UUUCUCCUAACCAGACCUUCU,antisense,-38.0,32.0,58.0,
19p2_276,HPSE,HPSE,NM_006665.6,CAAGAAGGUCUGGUUAGGAGA,UCUCCUAACCAGACCUUCUUG,antisense,5.0,41.0,82.0,
19p2_277,HPSE,HPSE,NM_006665.6,CCUGAUGUUGGUCAGCCUCGA,UCGAGGCUGACCAACAUCAGG,antisense,19.0,9.0,56.0,
19p2_278,HPSE,HPSE,NM_006665.6,AAACUCUAUGGUCCUGAUGUU,AACAUCAGGACCAUAGAGUUU,antisense,45.0,54.0,86.0,
19p2_279,HPSE,HPSE,NM_006665.6,AAAGACGGCUAAGAUGCUGAA,UUCAGCAUCUUAGCCGUCUUU,antisense,20.0,50.0,84.0,
19p2_280,HPSE,HPSE,NM_006665.6,AGCCUCGAAGAAAGACGGCUA,UAGCCGUCUUUCUUCGAGGCU,antisense,52.0,69.0,87.0,
19p2_281,HPSE,HPSE,NM_006665.6,GAAGAUUUUCUAAACCCUGAU,AUCAGGGUUUAGAAAAUCUUC,antisense,-17.0,8.0,72.0,
19p2_282,HPSE,HPSE,NM_006665.6,UUCCUGAAGGCUGGUGGAGAA,UUCUCCACCAGCCUUCAGGAA,antisense,27.0,45.0,88.0,
19p2_283,HPSE,HPSE,NM_006665.6,CCUGGCAAGAAGGUCUGGUUA,UAACCAGACCUUCUUGCCAGG,antisense,-20.0,-38.0,33.0,
19p2_284,HPSE,HPSE,NM_006665.6,GCCUGGCAAGAAGGUCUGGUU,AACCAGACCUUCUUGCCAGGC,antisense,6.0,36.0,87.0,
19p2_285,HPSE,HPSE,NM_006665.6,UUCAAGAACAGCACCUACUCA,UGAGUAGGUGCUGUUCUUGAA,antisense,25.0,52.0,79.0,
19p2_286,HPSE,HPSE,NM_006665.6,AAAGUUCAAGAACAGCACCUA,UAGGUGCUGUUCUUGAACUUU,antisense,42.0,44.0,57.0,
19p2_287,HPSE,HPSE,NM_006665.6,AAUGGGAAUAGAAGUGGUGAU,AUCACCACUUCUAUUCCCAUU,antisense,31.0,66.0,93.0,
19p2_288,HPSE,HPSE,NM_006665.6,UGGGAAUAGAAGUGGUGAUGA,UCAUCACCACUUCUAUUCCCA,antisense,37.0,62.0,89.0,
19p2_289,HPSE,HPSE,NM_006665.6,CCCUUGCUAUCCGACACCUUU,AAAGGUGUCGGAUAGCAAGGG,antisense,-11.0,37.0,71.0,
19p2_290,HPSE,HPSE,NM_006665.6,CGACACCUUUGCAGCUGGCUU,AAGCCAGCUGCAAAGGUGUCG,antisense,35.0,70.0,77.0,
19p2_291,HPSE,HPSE,NM_006665.6,AAGGUCUGGUUAGGAGAAACA,UGUUUCUCCUAACCAGACCUU,antisense,-2.0,7.0,75.0,
19p2_292,HPSE,HPSE,NM_006665.6,GAGCGCCCUUGCUAUCCGACA,UGUCGGAUAGCAAGGGCGCUC,antisense,40.0,33.0,90.0,
19p2_293,HPSE,HPSE,NM_006665.6,UGGCUUUAUGUGGCUGGAUAA,UUAUCCAGCCACAUAAAGCCA,antisense,14.0,39.0,66.0,
19p2_294,HPSE,HPSE,NM_006665.6,CUUUAUGUGGCUGGAUAAAUU,AAUUUAUCCAGCCACAUAAAG,antisense,30.0,37.0,50.0,
19p2_295,HPSE,HPSE,NM_006665.6,GACACCUUUGCAGCUGGCUUU,AAAGCCAGCUGCAAAGGUGUC,antisense,69.0,76.0,86.0,
19p2_296,HPSE,HPSE,NM_006665.6,CUGGCUUUAUGUGGCUGGAUA,UAUCCAGCCACAUAAAGCCAG,antisense,18.0,51.0,87.0,
19p2_297,HPSE,HPSE,NM_006665.6,CAAUGGGUCGCAGUUAGGAGA,UCUCCUAACUGCGACCCAUUG,antisense,-13.0,32.0,81.0,
19p2_298,HPSE,HPSE,NM_006665.6,UGGGUCGCAGUUAGGAGAAGA,UCUUCUCCUAACUGCGACCCA,antisense,42.0,73.0,89.0,
19p2_299,HPSE,HPSE,NM_006665.6,GCCAGGAAGUUCACUGGGCUU,AAGCCCAGUGAACUUCCUGGC,antisense,64.0,79.0,93.0,
19p2_300,HPSE,HPSE,NM_006665.6,GGACUUGAUCUUUGGCCUAAA,UUUAGGCCAAAGAUCAAGUCC,antisense,-5.0,63.0,84.0,
19p2_301,HPSE,HPSE,NM_006665.6,UGGACUUGAUCUUUGGCCUAA,UUAGGCCAAAGAUCAAGUCCA,antisense,56.0,38.0,63.0,
19p2_302,HPSE,HPSE,NM_006665.6,AAGCUCUGUAGAUGUGCUAUA,UAUAGCACAUCUACAGAGCUU,antisense,3.0,24.0,70.0,
19p2_303,HPSE,HPSE,NM_006665.6,CUACUCAAGAAGCUCUGUAGA,UCUACAGAGCUUCUUGAGUAG,antisense,-71.0,3.0,49.0,
19p2_304,HPSE,HPSE,NM_006665.6,AGCACCUACUCAAGAAGCUCU,AGAGCUUCUUGAGUAGGUGCU,antisense,31.0,59.0,85.0,
19p2_305,HPSE,HPSE,NM_006665.6,AGAACAGCACCUACUCAAGAA,UUCUUGAGUAGGUGCUGUUCU,antisense,-26.0,61.0,65.0,
19p2_306,HPSE,HPSE,NM_006665.6,CAAGAACAGCACCUACUCAAG,CUUGAGUAGGUGCUGUUCUUG,antisense,-49.0,7.0,58.0,
19p2_307,HPSE,HPSE,NM_006665.6,UCAAGAACAGCACCUACUCAA,UUGAGUAGGUGCUGUUCUUGA,antisense,28.0,60.0,84.0,
19p2_308,HPSE,HPSE,NM_006665.6,AUCUUUGGCCUAAAUGCGUUA,UAACGCAUUUAGGCCAAAGAU,antisense,33.0,37.0,76.0,
19p2_309,HPSE,HPSE,NM_006665.6,GACUUGAUCUUUGGCCUAAAU,AUUUAGGCCAAAGAUCAAGUC,antisense,-41.0,21.0,80.0,
19p2_310,BRAF,bRAF,NM_004333.6,AGCAAGCUAGAUGCACUCCAA,UUGGAGUGCAUCUAGCUUGCU,antisense,,,,41.0
19p2_311,BRAF,bRAF,NM_004333.6,CCAGCGUUGUAGUACAGAAGU,CCAGCGUUGUAGUACAGAAGU,sense,,,,68.0
19p2_312,BRAF,bRAF,NM_004333.6,UCAUGAAGACCUCACAGUAAA,UUUACUGUGAGGUCUUCAUGA,antisense,,,,58.0
19p2_313,BRAF,bRAF,NM_004333.6,GAGGAGGUGUGGAAUAUCAAA,UUUGAUAUUCCACACCUCCUC,antisense,,,,55.0
19p2_314,BRAF,bRAF,NM_004333.6,ACACACAACUUUGUACGAAAA,UUUUCGUACAAAGUUGUGUGU,antisense,,,,70.0
19p2_315,MYC,c-Myc,NM_002467.6,CCUCAACGUUAGCUUCACCAA,UUGGUGAAGCUAACGUUGAGG,antisense,,,,18.0
19p2_316,MYC,c-Myc,NM_002467.6,CGGUGCAGCCGUAUUUCUACU,CGGUGCAGCCGUAUUUCUACU,sense,,,,39.0
19p2_317,MYC,c-Myc,NM_002467.6,GCAGCCGUAUUUCUACUGCGA,UCGCAGUAGAAAUACGGCUGC,antisense,,,,30.0
19p2_318,MYC,c-Myc,NM_002467.6,ACGAGGAGGAGAACUUCUACC,ACGAGGAGGAGAACUUCUACC,sense,,,,47.0
19p2_319,MYC,c-Myc,NM_002467.6,GGGAGGAGACAUGGUGAACCA,UGGUUCACCAUGUCUCCUCCC,antisense,,,,36.0
19p2_320,MYC,c-Myc,NM_002467.6,ACAUGGUGAACCAGAGUUUCA,UGAAACUCUGGUUCACCAUGU,antisense,,,,51.0
19p2_321,MYC,c-Myc,NM_002467.6,CGCCAAGCUCGUCUCAGAGAA,UUCUCUGAGACGAGCUUGGCG,antisense,,,,52.0
19p2_322,MYC,c-Myc,NM_002467.6,UCCUACCAGGCUGCGCGCAAA,UUUGCGCGCAGCCUGGUAGGA,antisense,,,,22.0
19p2_323,MYC,c-Myc,NM_002467.6,GAGGAAGAAAUCGAUGUUGUU,AACAACAUCGAUUUCUUCCUC,antisense,,,,80.0
19p2_324,EZH2,EZH2,NM_004456.5,UGGCGGAAGCGUGUAAAAUCA,UGAUUUUACACGCUUCCGCCA,antisense,,,,54.0
19p2_325,EZH2,EZH2,NM_004456.5,GUGCUGAAGCCUCAAUGUUUA,UAAACAUUGAGGCUUCAGCAC,antisense,,,,76.0
19p2_326,EZH2,EZH2,NM_004456.5,CUCGGUGUCAAACACCAAUAA,UUAUUGGUGUUUGACACCGAG,antisense,,,,37.0
19p2_327,EZH2,EZH2,NM_004456.5,GUGUAUGAGUUUAGAGUCAAA,UUUGACUCUAAACUCAUACAC,antisense,,,,78.0
19p2_328,EZH2,EZH2,NM_004456.5,AACCAUGUUUACAACUAUCAA,UUGAUAGUUGUAAACAUGGUU,antisense,,,,69.0
19p2_329,EZH2,EZH2,NM_004456.5,CCCUUGUGUGAUAGCACAAAA,UUUUGUGCUAUCACACAAGGG,antisense,,,,79.0
19p2_330,EZH2,EZH2,NM_004456.5,CAUGUGCAGCUUUCUGUUCAA,UUGAACAGAAAGCUGCACAUG,antisense,,,,84.0
19p2_331,EZH2,EZH2,NM_004456.5,CAGGAUGGUACUUUCAUUGAA,UUCAAUGAAAGUACCAUCCUG,antisense,,,,76.0
19p2_332,EZH2,EZH2,NM_004456.5,UUCCUCAAUGUUUCCAGAUAA,UUAUCUGGAAACAUUGAGGAA,antisense,,,,83.0
19p2_333,MTOR,FRAP1,NM_004958.4,AGAUGUCAAUGAGGCCUUAGU,AGAUGUCAAUGAGGCCUUAGU,sense,,,,64.0
19p2_334,MTOR,FRAP1,NM_004958.4,CAAUGCAGCCAACAAGAUUCU,CAAUGCAGCCAACAAGAUUCU,sense,,,,59.0
19p2_335,MTOR,FRAP1,NM_004958.4,GGCCUAUGGUCGAGAUUUAAU,GGCCUAUGGUCGAGAUUUAAU,sense,,,,62.0
19p2_336,MTOR,FRAP1,NM_004958.4,GGUGCAGGAAGUACAUGAAAU,GGUGCAGGAAGUACAUGAAAU,sense,,,,61.0
19p2_337,MTOR,FRAP1,NM_004958.4,UGUUCCGACGAAUCUCAAAGC,UGUUCCGACGAAUCUCAAAGC,sense,,,,59.0
19p2_338,MTOR,FRAP1,NM_004958.4,GCACCGUCUUUGCAAGUCAUC,GCACCGUCUUUGCAAGUCAUC,sense,,,,73.0
19p2_339,MTOR,FRAP1,NM_004958.4,CAAUUAUACCCGUUCUUUAGC,CAAUUAUACCCGUUCUUUAGC,sense,,,,77.0
19p2_340,MTOR,FRAP1,NM_004958.4,CGAGAGAAGUUUCCAGAGAAG,CGAGAGAAGUUUCCAGAGAAG,sense,,,,76.0
19p2_341,MTOR,FRAP1,NM_004958.4,UAACAAGAAUGUUGACCAAUG,UAACAAGAAUGUUGACCAAUG,sense,,,,74.0
19p2_342,MTOR,FRAP1,NM_004958.4,CAAGCGACAUCCCAUGAAAAC,CAAGCGACAUCCCAUGAAAAC,sense,,,,75.0
19p2_343,BIRC5,SURVIVIN,NM_001168.3,AUCUCUACAUUCAAGAACUGG,AUCUCUACAUUCAAGAACUGG,sense,,,,81.0
19p2_344,BIRC5,SURVIVIN,NM_001168.3,AGCCCUUUCUCAAGGACCACC,AGCCCUUUCUCAAGGACCACC,sense,,,,87.0
19p2_345,BIRC5,SURVIVIN,NM_001168.3,UCAAGGACCACCGCAUCUCUA,UAGAGAUGCGGUGGUCCUUGA,antisense,,,,74.0
19p2_346,BIRC5,SURVIVIN,NM_001168.3,ACCACCGCAUCUCUACAUUCA,UGAAUGUAGAGAUGCGGUGGU,antisense,,,,82.0
19p2_347,BIRC5,SURVIVIN,NM_001168.3,ACCGCAUCUCUACAUUCAAGA,ACCGCAUCUCUACAUUCAAGA,sense,,,,85.0
19p2_348,BIRC5,SURVIVIN,NM_001168.3,CAAGAACUGGCCCUUCUUGGA,UCCAAGAAGGGCCAGUUCUUG,antisense,,,,75.0
19p2_349,BIRC5,SURVIVIN,NM_001168.3,GGCCGAGGCUGGCUUCAUCCA,UGGAUGAAGCCAGCCUCGGCC,antisense,,,,72.0
19p2_350,BIRC5,SURVIVIN,NM_001168.3,UCCACUGCCCCACUGAGAACG,UCCACUGCCCCACUGAGAACG,sense,,,,91.0
19p2_351,BIRC5,SURVIVIN,NM_001168.3,CCACUGAGAACGAGCCAGACU,CCACUGAGAACGAGCCAGACU,sense,,,,86.0
19p2_352,CTNNB1,CTNNB1,NM_001904.4,UCCCACUAAUGUCCAGCGUUU,AAACGCUGGACAUUAGUGGGA,antisense,,,,87.0
19p2_353,CTNNB1,CTNNB1,NM_001904.4,AUGCUGAAACAUGCAGUUGUA,UACAACUGCAUGUUUCAGCAU,antisense,,,,90.0
19p2_354,CTNNB1,CTNNB1,NM_001904.4,CAGAUGGUGUCUGCUAUUGUA,UACAAUAGCAGACACCAUCUG,antisense,,,,92.0
19p2_355,CTNNB1,CTNNB1,NM_001904.4,UGCCAUUACAACUCUCCACAA,UUGUGGAGAGUUGUAAUGGCA,antisense,,,,85.0
19p2_356,CTNNB1,CTNNB1,NM_001904.4,ACGACAGACUGCCUUCAAAUU,AAUUUGAAGGCAGUCUGUCGU,antisense,,,,89.0
19p2_357,PIK3CA,PIK3CA,NM_006218.4,GGAUCUUCCACACAAUUAAAC,GGAUCUUCCACACAAUUAAAC,sense,,,,70.0
19p2_358,PIK3CA,PIK3CA,NM_006218.4,AGAUAUGCUAACACUUCAAAU,AGAUAUGCUAACACUUCAAAU,sense,,,,73.0
19p2_359,PIK3CA,PIK3CA,NM_006218.4,CGUAAGUGUUACUCAAGAAGC,CGUAAGUGUUACUCAAGAAGC,sense,,,,59.0
19p2_360,PIK3CA,PIK3CA,NM_006218.4,AGCUAGAGACAAUGAAUUAAG,AGCUAGAGACAAUGAAUUAAG,sense,,,,75.0
19p2_361,PIK3CA,PIK3CA,NM_006218.4,CACAGACACUAUUGUGUAACU,CACAGACACUAUUGUGUAACU,sense,,,,74.0
