Sequence,Gene,Accession_number,Activity_Remaining_Pct
UGUAAGGAUAAAGAAGCAA,FYN,NM_002037,38.74
ACUACAACAACUUCCACGC,FYN,NM_002037,56.62
CAACUGGAGAGACAGGUUA,FYN,NM_002037,23.2
AUUCGCAAACUUGACAAUG,FYN,NM_002037,97.6
CAUCGAGCGCAUGAAUUAU,FYN,NM_002037,22.67
CCUCUUCAAGUUGCUGCUG,RAB13,NM_002870,29.33
UUGAUUUCAAGAUCCGCAC,RAB13,NM_002870,42.41
GAGCGGUUCAAGACAAUAA,RAB13,NM_002870,16.54
ACGACAUCACGGAUGAGAA,RAB13,NM_002870,17.43
CAAAUGUGACAUGGAGGCC,RAB13,NM_002870,115.7
CGCGGUUCUUAGAAGAGUA,DAD1,NM_001344,5.76
GCAGUUCGGUUACUGUCUC,DAD1,NM_001344,4.82
UGCCUGAGAAUACAGAUCA,DAD1,NM_001344,16.7
GAGCGAGCCUUUGCUGAUU,DAD1,NM_001344,6.49
CCUUGUUGUCAUGAACUUU,DAD1,NM_001344,6.74
GCUUCACCAACAGGAACUA,MYC,NM_002467,58.43
GACAUGGUGAACCAGAGUU,MYC,NM_002467,56.82
AAGGUCAGAGUCUGGAUCA,MYC,NM_002467,57.49
CGUCUCCACACAUCAGCAC,MYC,NM_002467,55.9
CGAGCUAAAACGGAGCUUU,MYC,NM_002467,37.1
UAUUGUACAGAAGCUAUUG,ILK,NM_004517,84.46
GACAUCAAUGCAGUGAAUG,ILK,NM_004517,12.93
UCUCAACCGUAUUCCAUAC,ILK,NM_004517,27.88
GAGCAGGGACUUCAAUGAA,ILK,NM_004517,38.24
UGUACUACAUGAAGGCACC,ILK,NM_004517,12.79
GAUGUCAGCAAUACAGGCC,CSK,NM_004383,91.89
CUACCGCAUCAUGUACCAU,CSK,NM_004383,23.48
CAUGAAGGAGCUGAAGCUG,CSK,NM_004383,34.71
CUGCGGCAUAGCAACCUGG,CSK,NM_004383,25.71
GUCAUGAAGAACUGCUGGC,CSK,NM_004383,36.11
CUGUGAUGCGCUAAUGGCG,CDKN1A,NM_000389,103.69
UGUCAGAACCGGCUGGGGA,CDKN1A,NM_000389,11.82
GCGAUGGAACUUCGACUUU,CDKN1A,NM_000389,23.99
GACCAUGUGGACCUGUCAC,CDKN1A,NM_000389,29.96
GAUUUCUACCACUCCAAAC,CDKN1A,NM_000389,13.45
CACCAUGCCUUCAAUUAAG,SKP1,NM_006930,1
UAUUUGAAGUUGAUGUGGA,SKP1,NM_006930,1
GACCAUGUUGGAAGAUUUG,SKP1,NM_006930,1
AGUUGACCAAGGAACACUU,SKP1,NM_006930,1
CUACUUAGACAUCAAAGGU,SKP1,NM_006930,1
AGAUGUCUAAGCAACAGCC,SEPTIN2,NM_004404,16.11
GAGUUCACACUGAUGGUGG,SEPTIN2,NM_004404,15.14
GACAAUUAUCUCCUAUAUU,SEPTIN2,NM_004404,4.62
UGGACUUAAGCCCUUAGAU,SEPTIN2,NM_004404,11.79
UCUAUCACUUACCUGAUGC,SEPTIN2,NM_004404,73.62
UGUUACACGGCUGCUGGUG,ITGB1,NM_002211,81.86
UGCCUACUUCUGCACGAUG,ITGB1,NM_002211,21.85
GGAUUACUUCGGACUUCAG,ITGB1,NM_002211,14.2
AUUUCAGCCUGUUUACAAG,ITGB1,NM_002211,52.76
CCAAAUGAUGGACAAUGUC,ITGB1,NM_002211,27.68
UGGAGACCCCUGCCUGGCC,F3_human,M16553,88
GCGCUUCAGGCACUACAAA,F3_human,M16553,20
CCCGUCAAUCAAGUCUACA,F3_human,M16553,30
GAAGCAGACGUACUUGGCA,F3_human,M16553,18
CUCCCCAGAGUUCACACCU,F3_human,M16553,79
UACCUGGAGACAAACCUCG,F3_human,M16553,83
CGGACUUUAGUCAGAAGGA,F3_human,M16553,50
GCUGGAAGGAGAACUCCCC,F3_human,M16553,80
UGCCCCGGUCCCCCGACUG,PSKH1,AJ272212,100
UGUGUGAGUCGGAGCUGCG,PSKH1,AJ272212,106
GUGCUGCGUCGGGUGCGUC,PSKH1,AJ272212,92
GGAUGGCGUCCGGUAUCUG,PSKH1,AJ272212,110
ACAGACAGCCGCCAAGAAC,ALPG,NM_031313,48.65717835
GCCAAGAACCUCAUCAUCU,ALPG,NM_031313,9.180800949
AGUACCCAGAUGACUACAG,ALPG,NM_031313,98.15086855
GAAUCUGGUGCAGGAAUGG,ALPG,NM_031313,46.08051263
CUACACGGUCCUCCUAUAC,ALPG,NM_031313,78.76027114
CGGAAACGGUCCAGGCUAU,ALPG,NM_031313,19.79064521
GAAACGGUCCAGGCUAUGU,ALPG,NM_031313,94.04415771
CUUCAUAGCGCACGUCAUG,ALPG,NM_031313,83.49687234
CUUUGAGCCUGGAGACAUG,ALPG,NM_031313,21.99036638
UGUUCGACGACGCCAUUGA,ALPG,NM_031313,28.99326519
CCUACACGGUCCUCCUAUA,ALPG,NM_031313,37.62880575
GCAUUCCAGAGAAAGCGUU,F3_mouse,M26071,23
GUGCAGGCAUUCCAGAGAA,F3_mouse,M26071,38
CAGAGAAAGCGUUUAAUUU,F3_mouse,M26071,20
CAGAUAAGUGAUCGAUCUA,F3_mouse,M26071,30
CGAGAUCGUGAAGGAUGUG,F3_mouse,M26071,45
AGUGCUUCUCGACCACAGA,F3_mouse,M26071,26
UUCCAGAGAAAGCGUUUAA,F3_mouse,M26071,38
UUUAACUUGGAUAUCAACU,F3_mouse,M26071,100
CAAGACAAUUUUGGAGUGG,F3_mouse,M26071,127
CAGGCAUUCCAGAGAAAGC,F3_mouse,M26071,28
GACAUAGACUUGACAGGCC,MyoD,M84918,50
AGGCGUGCAAGCGCAAGAC,MyoD,M84918,80
GGAGAUCCUGCGCAACGCC,MyoD,M84918,95
GGACCGCUGCCCCCAGGCC,MyoD,M84918,90
GGCCCCCCAAGCGGCCCCC,MyoD,M84918,95
AAUCAGUCAUAUGCAGAAU,FOXO4,NM_005938,59.5698378
GUUCAAAUGCCAGCAGUGU,FOXO4,NM_005938,40.50918594
AGACAGAAUGCCUCAGGAU,FOXO4,NM_005938,46.09029845
UCAGUGACCUCAUGGAUGA,FOXO4,NM_005938,44.64639424
CUUAGGCUUUGUAGCAAGA,FOXO4,NM_005938,25.21533551
UGAACGAGUUUGAGUACCU,AKT1,NM_005163,46.30740763
CAUUAAGAUCACAGACUUC,AKT1,NM_005163,48.29580271
UCAUGCAGCAUCGCUUCUU,AKT1,NM_005163,43.82237631
AGAUGACAGCAUGGAGUGU,AKT1,NM_005163,27.86146112
UUUCAUCCAGUUUGUUCUC,AKT1,NM_005163,88.9436333
CAAAGAUGGCCACAUCAAG,AKT2,NM_001626,100
CUUUGGCCUCUGCAAAGAG,AKT2,NM_001626,100
CACAAGGUACUUCGAUGAU,AKT2,NM_001626,74.97681339
AGGUACUUCGAUGAUGAAU,AKT2,NM_001626,40.43692966
CAAGAAGAUGGUGGAGAAG,CBL,NM_005188,53.37731366
AAGACAAUAGUCCCUUGGA,CBL,NM_005188,72.36867421
UAAGGAUGUAAAGAUUGAG,CBL,NM_005188,95.89373275
UUCUGUUGGAGCAGAAUCC,CBL,NM_005188,84.3768266
UAUCACAUCAGUGGUUCCA,CBL,NM_005188,33.97557825
UGCUAUUCAGGAUGCAGUU,CBLB,NM_004351,52.43789388
AAACUAUCGUACCAUGGAA,CBLB,NM_004351,62.65111799
AUCCUGAUUUAACUGGAUU,CBLB,NM_004351,100
GAACUCACCAGUCACAUCA,CBLB,NM_004351,50.04430481
CAUCUUAAUGGUCAGAAUU,CBLB,NM_004351,100
UCAUCUAUGACCGGAAAUU,EIF4EBP1,NM_004095,43.20549813
UCUAUGACCGGAAAUUCCU,EIF4EBP1,NM_004095,69.95234695
AGAGUCACAGUUUGAGAUG,EIF4EBP1,NM_004095,100
CAAGAACGAACCCUUCCUU,EIF4EBP1,NM_004095,49.13549617
UCUACGAGUGGAUGGUCAA,FOXO1,NM_002015,39.16654027
CAACAGUAAAUUUGCUAAG,FOXO1,NM_002015,66.20607735
AAGAUGGCCUCUACUUUAC,FOXO1,NM_002015,60.08153619
UACAAACACUUCAGGACAA,FOXO1,NM_002015,73.97400383
AAAGUACUUCAGAUUGUCU,FOXO1,NM_002015,42.16248717
CAUCAAAGUGAUUGGCAAU,GSK3A,NM_019884,54.90636997
AGUUGACCAUCCCUAUCCU,GSK3A,NM_019884,29.61985085
CUGAUUACACCUCAUCCAU,GSK3A,NM_019884,21.80832229
UUCUCAUCCCUCCUCACUU,GSK3A,NM_019884,15.98553153
CUAGAGGGCAGAGGUAAAU,GSK3A,NM_019884,24.82451282
UGAAAGUUAGCAGAGACAA,GSK3B,NM_002093,22.16357962
GAAAGCUAGAUCACUGUAA,GSK3B,NM_002093,30.1874061
AUGUUUCGUAUAUCUGUUC,GSK3B,NM_002093,91.49292561
GCAAAUCAGAGAAAUGAAC,GSK3B,NM_002093,21.87035434
AAACCACCAGUUACUUGAG,GSK3B,NM_002093,52.19746858
UCUUCGAGAUGACCAAUCU,IGF1R,NM_000875,93.0725657
UGUACUGCAUCCCUUGUGA,IGF1R,NM_000875,25.27865978
UCUUACUACAUGGGCUGAA,IGF1R,NM_000875,100
GAAUCCCAAUGGAUUGAUU,IGF1R,NM_000875,25.29908978
ACACAUUUGGGAUGUUCCU,IGF1R,NM_000875,33.67682279
CAAACGCUUCUUCGUACUG,IRS1,NM_005544,100
UAAUCGGUUCCGAAAGAGA,IRS1,NM_005544,51.37774095
GAUCAUCAAUCCCAUCAGA,IRS1,NM_005544,56.91366905
CUCAUUGCCAAGAUCCUUU,IRS1,NM_005544,48.40004761
GAAUGAAGACCUAAAUGAC,IRS1,NM_005544,42.39138843
AUGUUUACUACCAAAUGGA,PIK3CA,NM_006218,22.01910603
AACUCGAAGUAUGUUGCUA,PIK3CA,NM_006218,74.57403364
AAUGGCUUUGAAUCUUUGG,PIK3CA,NM_006218,100
CUGAAGAAAGCAUUGACUA,PIK3CA,NM_006218,30.94491223
UGAAAGCUCACUCUGGAUU,PIK3CA,NM_006218,28.91311804
UUUCGAGCUCCUCAAGGUU,RPS6KA1,NM_002953,39.5651468
UCAUUUACAGAGACCUCAA,RPS6KA1,NM_002953,64.4222083
UGUCUUCUACUCCACCAUU,RPS6KA1,NM_002953,53.76528367
AGAGAUUGAGAUUCUUCUG,RPS6KA1,NM_002953,62.7497697
AAAUGGCAUCAACCACCAU,RPS6KA1,NM_002953,31.56006511
GAAUGGACAGCAAAUUAUG,RPS6KA3,NM_004586,31.46965678
GAAGAAGAUGUCAAAUUCU,RPS6KA3,NM_004586,20.37713349
ACGAUAGACUGGAAUAAAC,RPS6KA3,NM_004586,29.2857517
AAGCAAGAGAGACCCAACA,RPS6KA3,NM_004586,100
UAUUUGGUACCAUGGUGUA,RPS6KA3,NM_004586,100
GAGAAGAAGAUAUUGACUU,PIK3R1,XM_043865,33.44450355
GAAUUACGACAGCUUCUUG,PIK3R1,XM_043865,49.04891171
CUGUAGCCAACAACGGUAU,PIK3R1,XM_043865,27.5980558
CAUGAAUAUAACACUCAGU,PIK3R1,XM_043865,70.58112394
UCCUUCUCCUGAAGUUCAG,PIK3R1,XM_043865,30.34348225
UUUCAAGGGAGGAGGUGAA,PIK3R2,NM_005027,48.38649417
AUAAGCUGAUCAAGGUCUU,PIK3R2,NM_005027,48.71259643
AAUACCAGCAGGACCAGAU,PIK3R2,NM_005027,72.56412348
GAUGAAGCGUACUGCAAUU,PIK3R2,NM_005027,40.1890309
AAGAGAUGCAAAGGAUCCU,PIK3R2,NM_005027,41.13517415
AAAUCGGUUCAUUCGAUGA,PDPK1,NM_002613,59.48475408
AUGAAGAUAUGCACAUCCA,PDPK1,NM_002613,48.65693136
GAAGAUCAUUAAGUUGGAA,PDPK1,NM_002613,44.19578702
ACAUAGAGCAGUACAUUCA,PDPK1,NM_002613,25.96980695
UAAGCGGAAGGGUUUAUUU,PDPK1,NM_002613,33.98839575
UGAACGCAAACUUCGUACU,RPS6,NM_001010,21.22610457
ACUUCGUACUUUCUAUGAG,RPS6,NM_001010,61.91359238
CUUUCUAUGAGAAGCGUAU,RPS6,NM_001010,25.65168957
AAAUCAGUUCGUGGUUGCA,RPS6,NM_001010,34.25511171
UCUGAGCGUUCUCAACUUG,RPS6,NM_001010,54.11082174
UGCUUGUAAACACCUUGGU,TSC1,NM_000368,45.63218583
GAAACUCAUGAUGUUGUGA,TSC1,NM_000368,38.84499566
AGAAGAAGCUGCAAUAUCU,TSC1,NM_000368,43.63555503
UAAUGCUGCCAUGAAAGAU,TSC1,NM_000368,72.01163874
AAGGAUAACCCAGGUGUUU,TSC1,NM_000368,24.53475492
AACAGACGGAGUUUAUCAU,TSC2,NM_000548,46.87805262
UCAACAGGCAGUUCUAUGA,TSC2,NM_000548,38.66286084
GCAUUAAUCUCUUACCAUA,TSC2,NM_000548,31.24717669
AUGAGUCACAGUCCUUUGA,TSC2,NM_000548,49.31827694
GACAUAGAGGCACAGAUUG,TSC2,NM_000548,86.35386647
AGGUGGCCGGCGCUUCAGG,F3_human,M16553,75
UGGCCGGCGCUUCAGGCAC,F3_human,M16553,77
CCGGCGCUUCAGGCACUAC,F3_human,M16553,45
CUUCAGGCACUACAAAUAC,F3_human,M16553,41
CAGGCACUACAAAUACUGU,F3_human,M16553,32
GCACUACAAAUACUGUGGC,F3_human,M16553,56
CCUACAGAGAACUGCGGUU,MAPK14,NM_001315,16
AUGUGAUUGGUCUGUUGGA,MAPK14,NM_001315,10
UUCUCCGAGGUCUAAAGUA,MAPK14,NM_001315,10
UAAUUCACAGGGACCUAAA,MAPK14,NM_001315,18
CCAGUGGCCGAUCCUUAUG,MAPK14,NM_001315,20
UGCCUACUUUGCUCAGUAC,MAPK14,NM_001315,5
GUCAUCAGCUUUGUGCCAC,MAPK14,NM_001315,5
GGCCUUUUCACGGGAACUC,MAPK14,NM_001315,8
GCUCACGGUCAUUACCGAG,IGF1R,NM_000875,40
CCUGAGGAACAUUACUCGG,IGF1R,NM_000875,120
UGCUGACCUCUGUUACCUC,IGF1R,NM_000875,57
CGACACGGCCUGUGUAGCU,IGF1R,NM_000875,42
GAUGAUUCAGAUGGCCGGA,IGF1R,NM_000875,70
CUUGCAGCAACUGUGGGAC,IGF1R,NM_000875,20
CCUCACGGUCAUCCGCGGC,IGF1R,NM_000875,120
CUACGCCCUGGUCAUCUUC,IGF1R,NM_000875,70
UCUCAAGGAUAUUGGGCUU,IGF1R,NM_000875,50
GGAUAUUGGGCUUUACAAC,IGF1R,NM_000875,30
CAUUACUCGGGGGGCCAUC,IGF1R,NM_000875,40
AAUGCUGACCUCUGUUACC,IGF1R,NM_000875,40
CAUUACCGAGUACUUGCUG,IGF1R,NM_000875,60
CUUGCUGCUGUUCCGAGUG,IGF1R,NM_000875,70
UCCGAGUGGCUGGCCUCGA,IGF1R,NM_000875,50
GGCCUCGAGAGCCUCGGAG,IGF1R,NM_000875,40
AUGACCGAGUACAAGCCCA,PAC,M25346,62.8
CUCGCCACCCGCGACGACG,PAC,M25346,11.4
CACCGUCGACCCGGACCGC,PAC,M25346,13.1
GAACUCUUCCUCACGCGCG,PAC,M25346,20.5
GGUGUGGGUCGCGGACGAC,PAC,M25346,15.4
CAGAUGGAAGGCCUCCUGG,PAC,M25346,75.2
GGAGCCCGCGUGGUUCCUG,PAC,M25346,54.9
GGGUCUGGGCAGCGCCGUC,PAC,M25346,59.5
CCUCCCCUUCUACGAGCGG,PAC,M25346,63.2
GCCCGGUGCCUGACGCCCG,PAC,M25346,21.8
AUGACGGAAUAUAAGCUGG,HRAS,AF493916,36.8
GUGGGCGCCGGCGGUGUGG,HRAS,AF493916,18.3
UACGACCCCACUAUAGAGG,HRAS,AF493916,21.4
AGGAGGAGUACAGCGCCAU,HRAS,AF493916,12.2
CAACACCAAGUCUUUUGAG,HRAS,AF493916,29.5
GGACUCGGAUGACGUGCCC,HRAS,AF493916,54.7
UCUCGGCAGGCUCAGGACC,HRAS,AF493916,76.4
GACCCGGCAGGGAGUGGAG,HRAS,AF493916,63.2
GCUGCGGAAGCUGAACCCU,HRAS,AF493916,25.8
CAAGUGUGUGCUCUCCUGA,HRAS,AF493916,17.9
GAUACCAGAUCAUGUCAGA,RB1,NM_000321,0
GUUGAUAAUGCUAUGUCAA,RB1,NM_000321,11
CCCAGCAGUUCGAUAUCUA,RB1,NM_000321,5
ACUCUCACCUCCCAUGUUG,RB1,NM_000321,34
CACCCAGGCGAGGUCAGAA,RB1,NM_000321,22
GGAGGUGACAGACCACAUG,FLJ16071,AK122643,49
UAUGUCCAUCUGUACCAAC,FLJ16071,AK122643,80
CCAGAUUCGGAGGAUCAUG,FLJ16071,AK122643,52
ACCCAAGCACGACUGGACG,FLJ16071,AK122643,110
CCCGCUCCUGUACACGGUG,FLJ16071,AK122643,64
GGAGAACUGAGAAGAUUUU,FLJ16071,AK122643,53
GCACUUUUCAGAGCGAGGC,FLJ16071,AK122643,86
GUCCCAGUCAUUGAGUCUC,FLJ16071,AK122643,85
UUCUGCUGCAGAGAAUGGU,FLJ16071,AK122643,78
UGUCAAGCGAGGGAGCCUU,FLJ16071,AK122643,23
UGGACACUGGAGGCUUUAC,FLJ16071,AK122643,46
CUUUCACUCCACCUCCUUC,FLJ16071,AK122643,59
UGCUUUACCGAGCUCUUUC,FLJ16071,AK122643,26
UUUGAGGAACAGGAUGGUG,FLJ16071,AK122643,87
GAAUUCCAGCUGAACAACG,LYPD1,NM_144586,16
GUGAUGGAGCAAAGUGCCG,LYPD1,NM_144586,55
CUCAGUUUGCAUCAGCUGC,LYPD1,NM_144586,24
AUUAGCCUCUUCUCGGCAC,LYPD1,NM_144586,53
GAGCUCGGUAAAGCAUUCU,LYPD1,NM_144586,44
GGAGGUGGAGUGAAAGUUC,LYPD1,NM_144586,34
GUUCACCCCCAUGUCUGUG,LYPD1,NM_144586,14
GCCUCCAGUGUCCAUUCCA,LYPD1,NM_144586,58
CCAUUCUCUGCAGCAGAAU,LYPD1,NM_144586,67
UUGGCUGGUUUCGCGCCUG,LYPD1,NM_144586,35
UCUUCUCAGUUCUCCCUUG,LYPD1,NM_144586,63
CUGCUGCGAGGACACCGUG,LYPD1,NM_144586,33
CUGGUUGGGCAUCCAGCAU,LYPD1,NM_144586,19
CAAUCAGCCCUGGGCAGAC,LYPD1,NM_144586,87
